Variable_Name,Max_Null_Window
CEA_Razon_Agua_tms_Colon,1
CEA_Razon_Agua_tms_ESC,0
CEA_Razon_Agua_tms_gpta,1
CEA_Razon_Agua_tms_MFRES,3352
CEA_Razon_Agua_tms_MUNIT,0
CEA_Razon_Agua_tms_SAG1,0
CEA_Razon_Agua_tms_SAG2,7
FLO:310_FI43001,2
FLO:310_FIC43099_COM,1
FLO:310_FIC43099_COM.op,11
FLO:310_FIC43099_COM.sp,3352
FLO:310_FIC43102_COM,1
FLO:310_FIC43102_COM.op,1
FLO:310_FIC43102_COM.sp,6
FLO:310_FIC43104_COM,1
FLO:310_FIC43104_COM.op,114
FLO:310_FIC43104_COM.sp,3352
FLO:310_FIC43106_COM,2
FLO:310_FIC43106_COM.op,2
FLO:310_FIC43106_COM.sp,2
FLO:310_FIC43108_COM,1
FLO:310_FIC43108_COM.op,1
FLO:310_FIC43108_COM.sp,3352
FLO:310_FIC43111_COM,27
FLO:310_FIC43111_COM.op,1
FLO:310_FIC43111_COM.sp,1
FLO:310_FIC43113_COM,1
FLO:310_FIC43113_COM.op,1
FLO:310_FIC43113_COM.sp,3352
FLO:310_FIC43115_COM,55
FLO:310_FIC43115_COM.op,1
FLO:310_FIC43115_COM.sp,1
FLO:310_FIC_3833_COM,10
FLO:310_FIC_3834_COM,2
FLO:310_FIC_3843_COM,2
FLO:310_FIC_3844_COM,64
FLO:310_FIC_3853_COM,2
FLO:310_FIC_3854_COM,2
FLO:310_FIC_3863_COM,2
FLO:310_FIC_3864_COM,2
FLO:310_FIC_3864_COM.sp,2
FLO:310_FIC_9638,2
FLO:310_FIC_9694,2
FLO:310_FIC_9707,3352
FLO:310_FIT_9638,2
FLO:310_FIT_9694,2
FLO:310_FIT_9707,3352
FLO:310_LIC509,2
FLO:310_LIT_9640,2
FLO:310_LIT_9660,3352
FLO:310_LIT_9661,3352
FLO:310_LIT_9670,3352
FLO:310_LIT_9671,3352
FLO:310_LIT_9680,3352
FLO:310_LIT_9681,3352
FLO:310_LY_9661,3352
FLO:310_LY_9671,3352
FLO:310_LY_9681,3352
FLO:ALIM_AGUAS_MOL_1,1
FLO:ALIM_AGUAS_MOL_10,0
FLO:ALIM_AGUAS_MOL_11,0
FLO:ALIM_AGUAS_MOL_12,0
FLO:ALIM_AGUAS_MOL_2,0
FLO:ALIM_AGUAS_MOL_3,0
FLO:ALIM_AGUAS_MOL_4,0
FLO:ALIM_AGUAS_MOL_5,0
FLO:ALIM_AGUAS_MOL_6,0
FLO:ALIM_AGUAS_MOL_7,0
FLO:ALIM_AGUAS_MOL_8,0
FLO:ALIM_AGUAS_MOL_9,0
FLO:ALIM_AGUAS_MOL_U,0
FLO:ARA01CU,0
FLO:ARA02CU,0
FLO:ARA03CU,0
FLO:ARA04CU,0
FLO:ARA05CU,0
FLO:ARA06CU,0
FLO:ARA06CUH,3352
FLO:ARA07CU,0
FLO:ARA08CU,0
FLO:ARA09CU,0
FLO:ARA10CU,0
FLO:ARA11CU,0
FLO:ARA12CU,0
FLO:ARA13CU,0
FLO:ARA14CU,0
FLO:ARA15CU,0
FLO:ARA16CU,0
FLO:ARA17CU,0
FLO:ARA18CU,0
FLO:ARA19CU,0
FLO:ARA20CU,0
FLO:ARA21CU,0
FLO:ARB09CU,0
FLO:CAL43061,1
FLO:CONSMOLI,3352
FLO:CONSPTR,3352
FLO:CONSRETR,3352
FLO:CT_XAN_B101,3352
FLO:CT_XAN_B102,3352
FLO:CT_XAN_B103,3352
FLO:CT_XAN_B121,3352
FLO:CT_XAN_B122,3352
FLO:CT_XAN_B123,3352
FLO:CT_XAN_B124,3352
FLO:CT_XAN_B125,3352
FLO:DI43002,3352
FLO:DI44NX,3352
FLO:DIT43762,1
FLO:DIT43763,1
FLO:FI40101,1
FLO:FI43008,3352
FLO:FI43060,1
FLO:FI43078,1
FLO:FIC729,3352
flo:fit43736,3352
FLO:FIT43762,1
FLO:FIT43763,1
FLO:FITOUMOL,3352
FLO:FMI748X,3352
FLO:FQI40101X,3352
FLO:FQI71X,3352
FLO:FQIPETRA,3352
FLO:PROF_101CV1_High,0
FLO:PROF_101CV3_High,0
FLO:PROF_101CV5_High,0
FLO:PROF_101CV7_High,0
FLO:PROF_101MV0_High,0
FLO:PROF_101MV1_High,0
FLO:PROF_101MV2_High,0
FLO:PROF_101MV3_High,0
FLO:PROF_102CV1_High,0
FLO:PROF_102CV3_High,0
FLO:PROF_102CV5_High,0
FLO:PROF_102CV7_High,0
FLO:PROF_102MV0_High,0
FLO:PROF_102MV1_High,0
FLO:PROF_102MV2_High,0
FLO:PROF_102MV3_High,0
FLO:PROF_103CV1_High,0
FLO:PROF_103CV3_High,0
FLO:PROF_103CV5_High,0
FLO:PROF_103CV7_High,0
FLO:PROF_103MV0_High,0
FLO:PROF_103MV1_High,0
FLO:PROF_103MV2_High,1
FLO:PROF_103MV3_High,1
FLO:PROF_104CV1_High,0
FLO:PROF_104CV2_High,0
FLO:PROF_104CV3_High,0
FLO:PROF_104MV1_High,0
FLO:PROF_104MV2_High,0
FLO:PROF_104MV3_High,0
FLO:PROF_105CV1_High,0
FLO:PROF_105CV2_High,0
FLO:PROF_105CV3_High,0
FLO:PROF_105MV1_High,0
FLO:PROF_105MV2_High,0
FLO:PROF_105MV3_High,0
FLO:PROF_106CV0_High,1
FLO:PROF_106CV1_High,1
FLO:PROF_106CV2_High,1
FLO:PROF_106MV0_High,1
FLO:PROF_106MV1_High,1
FLO:PROF_106MV2_High,1
FLO:PROF_107CV0_High,1
FLO:PROF_107CV1_High,1
FLO:PROF_107CV2_High,1
FLO:PROF_107MV0_High,1
FLO:PROF_107MV1_High,1
FLO:PROF_107MV2_High,1
FLO:PROF_108CV1_High,0
FLO:PROF_108CV2_High,0
FLO:PROF_108CV3_High,0
FLO:PROF_108MV1_High,0
FLO:PROF_108MV2_High,0
FLO:PROF_108MV3_High,0
FLO:PROF_121CV0_High,1
FLO:PROF_121CV1_High,1
FLO:PROF_121CV2_High,1
FLO:PROF_121MV0_High,1
FLO:PROF_121MV1_High,1
FLO:PROF_121MV2_High,1
FLO:PROF_122CV0_High,1
FLO:PROF_122CV1_High,1
FLO:PROF_122CV2_High,1
FLO:PROF_122MV0_High,1
FLO:PROF_122MV1_High,1
FLO:PROF_122MV2_High,1
FLO:PROF_123CV0_High,1
FLO:PROF_123CV1_High,1
FLO:PROF_123CV2_High,1
FLO:PROF_123CV3_High,1
FLO:PROF_123MV0_High,1
FLO:PROF_123MV1_High,1
FLO:PROF_124CV0_High,1
FLO:PROF_124CV1_High,1
FLO:PROF_124CV2_High,1
FLO:PROF_124CV3_High,1
FLO:PROF_124MV0_High,1
FLO:PROF_124MV1_High,1
FLO:PROF_125CV0_High,1
FLO:PROF_125CV1_High,1
FLO:PROF_125CV2_High,1
FLO:PROF_125MV0_High,1
FLO:PROF_125MV1_High,1
FLO:PROF_125MV2_High,1
flo:usmhley2,3352
flo:usmhley4,3352
FLO:XAN_B101,3352
FLO:XAN_B102,3352
FLO:XAN_B103,3352
FLO:XAN_B121,3352
FLO:XAN_B122,3352
FLO:XAN_B123,3352
FLO:XAN_B124,3352
FLO:XAN_B125,3352
FLO:XAN_CTL_SP101,3352
FLO:XAN_CTL_SP102,3352
FLO:XAN_CTL_SP103,3352
FLO:XAN_CTL_SP121,3352
FLO:XAN_CTL_SP122,3352
FLO:XAN_CTL_SP123,3352
FLO:XAN_CTL_SP124,3352
FLO:XAN_CTL_SP125,3352
FSAG:320_COU_S0CU,1
FSAG:320_COU_S0FE,1
FSAG:320_COU_S0MO,1
FSAG:320_COU_S0SOL,1
FSAG:320_COU_S10CU,1
FSAG:320_COU_S10FE,1
FSAG:320_COU_S10MO,1
FSAG:320_COU_S10SOL,1
FSAG:320_COU_S11CU,1
FSAG:320_COU_S11FE,1
FSAG:320_COU_S11MO,1
FSAG:320_COU_S11SOL,1
FSAG:320_COU_S13CU,1
FSAG:320_COU_S13FE,1
FSAG:320_COU_S13MO,1
FSAG:320_COU_S13SOL,1
FSAG:320_COU_S14CU,1
FSAG:320_COU_S14FE,1
FSAG:320_COU_S14MO,1
FSAG:320_COU_S14SOL,1
FSAG:320_COU_S15CU,1
FSAG:320_COU_S15FE,1
FSAG:320_COU_S15MO,1
FSAG:320_COU_S15SOL,1
FSAG:320_COU_S16CU,1
FSAG:320_COU_S16FE,1
FSAG:320_COU_S16MO,1
FSAG:320_COU_S16SOL,1
FSAG:320_COU_S1CU,1
FSAG:320_COU_S1FE,1
FSAG:320_COU_S1MO,1
FSAG:320_COU_S1SOL,1
FSAG:320_COU_S2CU,1
FSAG:320_COU_S2FE,1
FSAG:320_COU_S2MO,1
FSAG:320_COU_S2SOL,1
FSAG:320_COU_S3CU,1
FSAG:320_COU_S3FE,1
FSAG:320_COU_S3MO,1
FSAG:320_COU_S3SOL,1
FSAG:320_COU_S4CU,1
FSAG:320_COU_S4FE,1
FSAG:320_COU_S4MO,1
FSAG:320_COU_S4SOL,1
FSAG:320_COU_S5CU,1
FSAG:320_COU_S5FE,1
FSAG:320_COU_S5MO,1
FSAG:320_COU_S5SOL,1
FSAG:320_COU_S7CU,1
FSAG:320_COU_S7FE,1
FSAG:320_COU_S7MO,1
FSAG:320_COU_S7SOL,1
FSAG:320_COU_S8CU,1
FSAG:320_COU_S8FE,1
FSAG:320_COU_S8MO,1
FSAG:320_COU_S8SOL,1
FSAG:320_COU_S9CU,1
FSAG:320_COU_S9FE,1
FSAG:320_COU_S9MO,1
FSAG:320_COU_S9SOL,1
FSAG:320_FIC_32721,0
FSAG:320_FIC_32721_OP,0
FSAG:320_FIC_32721_SP,0
FSAG:320_FIC_32722,0
FSAG:320_FIC_32722_OP,0
FSAG:320_FIC_32722_SP,0
FSAG:320_FIC_32723,0
FSAG:320_FIC_32723_OP,0
FSAG:320_FIC_32723_SP,0
FSAG:320_FIC_32724,0
FSAG:320_FIC_32724_OP,0
FSAG:320_FIC_32724_SP,0
FSAG:320_FIC_32861,14
FSAG:320_FIC_32861_OP,0
FSAG:320_FIC_32861_SP,0
FSAG:320_FIC_32862,161
FSAG:320_FIC_32862_OP,0
FSAG:320_FIC_32862_SP,0
FSAG:320_FIC_32863,0
FSAG:320_FIC_32863_OP,0
FSAG:320_FIC_32863_SP,0
FSAG:320_FIC_32864,0
FSAG:320_FIC_32864_OP,0
FSAG:320_FIC_32864_SP,0
FSAG:320_FIC_TOT_ALIM.PV,0
FSAG:320_FIC_TOT_COLAS.PV,0
FSAG:320_FI_32721,0
FSAG:320_FI_32722,0
FSAG:320_FI_32723,0
FSAG:320_FI_32724,0
FSAG:320_FI_32861,14
FSAG:320_FI_32862,0
FSAG:320_FI_32863,0
FSAG:320_FI_32864,0
FSAG:320_LIC32801_COM,0
FSAG:320_LIC32801_COM_OP,0
FSAG:320_LIC32801_COM_SP,0
FSAG:320_LIC32802_COM,0
FSAG:320_LIC32802_COM_OP,0
FSAG:320_LIC32802_COM_SP,0
FSAG:320_LIC32803_COM,23
FSAG:320_LIC32803_COM_OP,0
FSAG:320_LIC32803_COM_SP,0
FSAG:320_LIC32804_COM,0
FSAG:320_LIC32804_COM_OP,0
FSAG:320_LIC32804_COM_SP,0
FSAG:320_LIC_3206_COM,1
FSAG:320_LIC_3207_COM,1
FSAG:320_LIC_3208_COM,1
FSAG:320_LIC_3210_COM,1
FSAG:320_LIC_3211_COM,1
FSAG:320_LIC_3212_COM,1
FSAG:320_LIC_3214_COM,1
FSAG:320_LIC_3215_COM,1
FSAG:320_LIC_3216_COM,1
FSAG:320_LIC_3218_COM,1
FSAG:320_LIC_3219_COM,1
FSAG:320_LIC_3220_COM,1
FSAG:320_LIC_3222_COM,0
FSAG:320_LIC_3222_COM_OP,0
FSAG:320_LIC_3222_COM_SP,0
FSAG:320_LIC_3223_COM,0
FSAG:320_LIC_3223_COM_OP,0
FSAG:320_LIC_3223_COM_SP,0
FSAG:320_LIC_3224_COM,0
FSAG:320_LIC_3224_COM_OP,0
FSAG:320_LIC_3224_COM_SP,0
FSAG:320_LIC_3225_COM,0
FSAG:320_LIC_3225_COM_OP,0
FSAG:320_LIC_3225_COM_SP,0
FSAG:320_LIC_3226_COM,0
FSAG:320_LIC_3226_COM_OP,0
FSAG:320_LIC_3226_COM_SP,0
FSAG:320_LIC_3227_COM,0
FSAG:320_LIC_3227_COM_OP,0
FSAG:320_LIC_3227_COM_SP,0
FSAG:320_LIC_3228_COM,0
FSAG:320_LIC_3228_COM_OP,0
FSAG:320_LIC_3228_COM_SP,0
FSAG:320_LIC_3229_COM,0
FSAG:320_LIC_3229_COM_OP,0
FSAG:320_LIC_3229_COM_SP,0
FSAG:320_PROF_FLOT511.CV0_HIGH,0
FSAG:320_PROF_FLOT511.CV1_HIGH,0
FSAG:320_PROF_FLOT511.CV2_HIGH,0
FSAG:320_PROF_FLOT511.CV3_HIGH,0
FSAG:320_PROF_FLOT511.CV4_HIGH,0
FSAG:320_PROF_FLOT511.CV5_HIGH,0
FSAG:320_PROF_FLOT511.CV6_HIGH,0
FSAG:320_PROF_FLOT511.MV0_HIGH,0
FSAG:320_PROF_FLOT511.MV1_HIGH,0
FSAG:320_PROF_FLOT511.MV2_HIGH,0
FSAG:320_PROF_FLOT511.MV3_HIGH,0
FSAG:320_PROF_FLOT511.MV4_HIGH,3352
FSAG:320_PROF_FLOT512.CV0_HIGH,0
FSAG:320_PROF_FLOT512.CV1_HIGH,0
FSAG:320_PROF_FLOT512.CV2_HIGH,0
FSAG:320_PROF_FLOT512.CV3_HIGH,0
FSAG:320_PROF_FLOT512.CV4_HIGH,0
FSAG:320_PROF_FLOT512.CV5_HIGH,0
FSAG:320_PROF_FLOT512.CV6_HIGH,0
FSAG:320_PROF_FLOT512.MV0_HIGH,0
FSAG:320_PROF_FLOT512.MV1_HIGH,0
FSAG:320_PROF_FLOT512.MV2_HIGH,0
FSAG:320_PROF_FLOT512.MV3_HIGH,0
FSAG:320_PROF_FLOT512.MV4_HIGH,3352
FSAG:320_YU_501A.PV(3),1
FSAG:320_YU_501B.PV(14),1
FSAG:320_YU_501C.PV(25),1
FSAG:320_YU_501D.PV(36),1
FSAG:320_YU_501E.PV(47),1
FSAG:320_YU_502A.PV(3),1
FSAG:320_YU_502B.PV(14),1
FSAG:320_YU_502C.PV(25),1
FSAG:320_YU_502D.PV(36),1
FSAG:320_YU_502E.PV(47),1
FSAG:320_YU_503A.PV(3),1
FSAG:320_YU_503B.PV(14),1
FSAG:320_YU_503C.PV(25),1
FSAG:320_YU_503D.PV(36),1
FSAG:320_YU_503E.PV(47),1
FSAG:320_YU_504A.PV(3),1
FSAG:320_YU_504B.PV(14),1
FSAG:320_YU_504C.PV(25),1
FSAG:320_YU_504D.PV(36),1
FSAG:320_YU_504E.PV(47),1
FSAG:320_YU_511A.PV(3),1
FSAG:320_YU_511B.PV(14),1
FSAG:320_YU_511C.PV(25),1
FSAG:320_YU_512A.PV(3),1
FSAG:320_YU_512B.PV(14),1
FSAG:320_YU_512C.PV(25),1
FSAG:PROF_501CV0_High,0
FSAG:PROF_501CV1_High,0
FSAG:PROF_501CV2_High,0
FSAG:PROF_501CV3_High,0
FSAG:PROF_501CV4_High,0
FSAG:PROF_501CV5_High,0
FSAG:PROF_501CV6_High,0
FSAG:PROF_501MV0_High,0
FSAG:PROF_501MV1_High,0
FSAG:PROF_501MV2_High,0
FSAG:PROF_501MV3_High,0
FSAG:PROF_502CV0_High,0
FSAG:PROF_502CV1_High,0
FSAG:PROF_502CV2_High,0
FSAG:PROF_502CV3_High,0
FSAG:PROF_502CV4_High,0
FSAG:PROF_502CV5_High,0
FSAG:PROF_502CV6_High,0
FSAG:PROF_502MV0_High,0
FSAG:PROF_502MV1_High,0
FSAG:PROF_502MV2_High,0
FSAG:PROF_502MV3_High,0
FSAG:PROF_503CV0_High,0
FSAG:PROF_503CV1_High,0
FSAG:PROF_503CV2_High,0
FSAG:PROF_503CV3_High,0
FSAG:PROF_503CV4_High,0
FSAG:PROF_503CV5_High,0
FSAG:PROF_503CV6_High,0
FSAG:PROF_503MV0_High,0
FSAG:PROF_503MV1_High,0
FSAG:PROF_503MV2_High,0
FSAG:PROF_503MV3_High,0
FSAG:PROF_504CV0_High,0
FSAG:PROF_504CV1_High,0
FSAG:PROF_504CV2_High,0
FSAG:PROF_504CV3_High,0
FSAG:PROF_504CV4_High,0
FSAG:PROF_504CV5_High,0
FSAG:PROF_504CV6_High,0
FSAG:PROF_504MV0_High,0
FSAG:PROF_504MV1_High,0
FSAG:PROF_504MV2_High,0
FSAG:PROF_504MV3_High,0
GMIN:FLUJO_DESDE_PIQUE-C,153
GPTA:BAL_AGUAS_MAKE_UP_DIA,0
LAB-Q.Sol_Susp_Aguas_Claras_Ctrl.Semanal,3352
LAB-Q:+100M_CABEZA_MOLINO_UNITARIO.TURNO,48
LAB-Q:+100M_CABEZA_MOLINO_UNIT_PROM.DIA,0
LAB-Q:+100M_CABEZA_SAG1.TURNO,96
LAB-Q:+100M_CABEZA_SAG1.TURNO_ACE_AVG,96
LAB-Q:+100M_CABEZA_SAG1_PROM.DIA,0
LAB-Q:+100M_CABEZA_SAG2.TURNO,48
LAB-Q:+100M_CABEZA_SAG2.TURNO_ACE_AVG,48
LAB-Q:+100M_CABEZA_SAG2_PROM.DIA,0
LAB-Q:+100M_CABEZA_SEWELL.TURNO,198
LAB-Q:+100M_CAB_TRAD_SEWELL_PROM.DIA,0
LAB-Q:+100M_Cola_Cascada_Barahona.cm,0
LAB-Q:+100M_COLA_CASC_BARAHONA_PROM.DIA,0
LAB-Q:+100M_COLA_ROUGHER_COLON.TURNO,48
LAB-Q:+100M_COLA_ROUGHER_PROM.DIA,0
LAB-Q:+100M_COLA_SAG.TURNO,342
LAB-Q:+100M_COLA_SAG.TURNO_ACE_AVG,342
LAB-Q:+100M_COLA_SAG_PROM.DIA,0
LAB-Q:+100M_M_UNITARIO.TURNO,48
LAB-Q_+1_2M_CABEZA_COLON.TURNO_A_DIA_ACTUAL,0
LAB-Q_+1_2M_CABEZA_COLON.TURNO_A_DIA_ANT,144
LAB-Q_+1_2M_CABEZA_COLON.TURNO_B_DIA_ACTUAL,0
LAB-Q_+1_2M_CABEZA_COLON.TURNO_B_DIA_ANT,144
LAB-Q_+1_2M_CABEZA_COLON.TURNO_C_DIA_ACTUAL,0
LAB-Q_+1_2M_CABEZA_COLON.TURNO_C_DIA_ANT,143
LAB-Q_+1_2M_CABEZA_COLON_MUESTRA_AUTO.TURNO,144
LAB-Q:+1_2M_CABEZA_SEWELL.TURNO,3352
LAB-Q:+1_2M_CAB_TRAD_COLON_PROM.DIA,0
LAB-Q:+1_2M_CAB_TRAD_SEWELL_PROM.DIA,0
LAB-Q_+1_2M_Descarga_PCM.Turno,3352
LAB-Q:+325M_CABEZA_SAG1.TURNO,96
LAB-Q:+325M_CABEZA_SAG1.TURNO_ACE_AVG,96
LAB-Q:+325M_CABEZA_SAG2.TURNO,48
LAB-Q:+325M_CABEZA_SAG2.TURNO_ACE_AVG,48
LAB-Q:+371M_CABEZA_COLON_MUESTRA_AUTO.TURNO,144
LAB-Q:+371M_CABEZA_SEWELL.TURNO,3352
LAB-Q:+371M_CAB_TRAD_COLON_PROM.DIA,0
LAB-Q:+371M_CAB_TRAD_SEWELL_PROM.DIA,0
LAB-Q:+3M_CABEZA_SEWELL.TURNO,3352
LAB-Q:+3M_CAB_TRAD_SEWELL_PROM.DIA,0
LAB-Q:+65M_CABEZA_SAG1.TURNO,96
LAB-Q:+65M_CABEZA_SAG1.TURNO_ACE_AVG,96
LAB-Q:+65M_CABEZA_SAG2.TURNO,48
LAB-Q:+65M_CABEZA_SAG2.TURNO_ACE_AVG,48
LAB-Q:-325M_CONC_CIRC_CU_PROM.DIA,0
LAB-Q:-325M_CONC_CTO_CU_COLON.TURNO,48
LAB-Q:-325M_CONC_FINAL_COBRE.TURNO,48
LAB-Q:-325M_CONC_FINAL_CU_PROM.DIA,0
LAB-Q:-325M_CONC_FINAL_PTR.TURNO,3352
LAB-Q:-325M_CONC_FINAL_PTR_PROM.DIA,3352
LAB-Q:-325M_CONC_FINAL_SAG.TURNO,48
LAB-Q:-325M_CONC_FINAL_SAG.TURNO_ACE_AVG,48
LAB-Q:-325M_CONC_FINAL_SAG_PROM.DIA,3352
LAB-Q:-325M_Correa212.cm,0
LAB-Q:-325M_Correa212.TURNO,48
LAB-Q:-325M_CORREA212_FC_PROM.DIA,0
LAB-Q:Al_Estacion1.Sem,3352
LAB-Q:AsGxL_Desc_Reactor_As_M-10.DIA,3352
LAB-Q:AsGxL_Desc_Reactor_As_M-8.DIA,3352
LAB-Q:AsGxL_Ripios_FU_M-2.DIA,3352
LAB-Q:AsGxL_Sol_a_Pta_A_M-5.DIA,720
LAB-Q:AsGxL_Sol_a_Pta_SX_M-3.DIA,432
LAB-Q:AyG_Estacion1.Sem,3352
LAB-Q:BiGxL_Desc_Reactor_As_M-10.DIA,3352
LAB-Q:BiGxL_Ripios_FU_M-2.DIA,3352
LAB-Q:BiGxL_Sol_a_Pta_A_M-5.DIA,3352
LAB-Q:BiGxL_Sol_a_Pta_SX_M-3.DIA,432
LAB-Q:B_Estacion1.Sem,3352
LAB-Q:CdGxL_Desc_Reactor_As_M-10.DIA,3352
LAB-Q:CdGxL_Ripios_FU_M-2.DIA,3352
LAB-Q:CdGxL_Sol_a_Pta_A_M-5.DIA,3352
LAB-Q:CdGxL_Sol_a_Pta_SX_M-3.DIA,432
LAB-Q:Cd_Estacion1.Sem,3352
LAB-Q:Cl_Estacion1.Sem,3352
LAB-Q:CN_Estacion1.Sem,3352
LAB-Q:Coliformes_Estacion1.Sem,3352
LAB-Q:COND_Aguas_Claras_Ctrl.Semanal,3352
LAB-Q:COND_Drenaje_Muros_Ctrl.Semanal,3352
LAB-Q:COND_Drenaje_Muros_Ctrl.Total,3352
LAB-Q:COND_Efluente_Embalse_Ctrl.Semanal,3352
LAB-Q:COND_Estacion_Dos_Ctrl.Semanal,3352
LAB-Q:Cr_Estacion1.Sem,3352
LAB-Q:CuGxL_Desc_Reactor_As_M-10.DIA,3352
LAB-Q:CuGxL_Desc_Reactor_As_M-8.DIA,3352
LAB-Q:CuGxL_Ripios_FU_M-2.DIA,3352
LAB-Q:CuGxL_Sol_a_Pta_A_M-5.DIA,720
LAB-Q:CuGxL_Sol_Pta_SX_M-3.DIA,432
LAB-Q:CUNS_CABEZA_COLON.TURNO,96
LAB-Q:CuNs_CABEZA_SAG.TURNO,96
LAB-Q:CuNs_CABEZA_SAG.TURNO_ACE_AVG,96
LAB-Q:CuNs_CABEZA_SAG2.TURNO,0
LAB-Q:CuNs_CABEZA_SAG2.TURNO_ACE_AVG,0
LAB-Q:CuNs_Cab_Colon.cm,0
LAB-Q:CuNs_Cab_Gen_Sewell.cm,0
LAB-Q:CuNs_Cab_Molino_Unit.cm,0
LAB-Q:CUNS_CAB_MOLINO_UNITARIO_PROM.DIA,0
LAB-Q:CuNs_Cab_SAG1.cm,0
LAB-Q:CuNs_Cab_SAG2.cm,0
LAB-Q:CUNS_CAB_TRAD_SEWELL_PROM.DIA,0
LAB-Q:CuNs_Cola_Circuito_ReSCV.cm,3352
LAB-Q:CuNs_Cola_Colon.cm,0
LAB-Q:CuNs_Cola_Rougher_Sewell.cm,0
LAB-Q:CuNs_Cola_SAG.cm,0
LAB-Q:CuNs_Conc_Final_Cu.cm,0
LAB-Q:CuNs_Conc_Final_PTR.cm,3352
LAB-Q:CuNs_Conc_Final_SAG.cm,0
LAB-Q:CuNs_Conc_Repaso.cm,0
LAB-Q:CuNs_Conc_Rougher_Sewell.cm,0
LAB-Q:CuNs_ESCORIA_CT_A_MOLIENDA.TURNO,0
LAB-Q:CuNs_ESCORIA_CT_A_MOLIENDA_PROM.DIA,3352
LAB-Q:CUNS_MOLIENDA_CONV_PROM.DIA,0
LAB-Q:CUNS_MOLIENDA_SAG1_PROM.DIA,0
LAB-Q:CUNS_MOLIENDA_SAG2_PROM.DIA,0
LAB-Q:CUNS_MOLINO_UNITARIO.TURNO,96
LAB-Q:Cu_Aguas_Claras_Ctrl.Semanal,3352
LAB-Q:Cu_Drenaje_Muros_Ctrl.Semanal,3352
LAB-Q:Cu_Drenaje_Muros_Ctrl.Total,0
LAB-Q:Cu_Estacion1.Sem,3352
LAB-Q:DB05_Estacion1.Sem,3352
LAB-Q:Espumogeno_Estacion1.Sem,3352
LAB-Q:FeGxL_Desc_Reactor_As_M-10.DIA,3352
LAB-Q:FeGxL_Sol_a_Pta_A_M-5.DIA,720
LAB-Q:Fe_disuelto_Estacion1.Sem,3352
LAB-Q:FE_Drenaje_Muros_Ctrl.Total,0
LAB-Q:F_Estacion1.Sem,3352
LAB-Q:H2O_CABEZA_SEWELL.TURNO,3352
LAB-Q:H2SO4GxL_Desc_Reactor_As_M-8.DIA,3352
LAB-Q:H2SO4GxL_Sol_Pta_SX_M-3.DIA,432
LAB-Q:H2SO4_ALIM_PTA_SX.TURNO,342
LAB-Q:H2SO4_ALIM_PTA_SX_PROM.DIA,0
LAB-Q:H2SO4_REFINO_E-2_PTA_SX.TURNO,3352
LAB-Q:H2SO4_REFINO_E-2_PTA_SX_PROM.DIA,0
LAB-Q:HC_Fijos_Estacion1.Sem,3352
LAB-Q:Hg_Estacion1.Sem,3352
LAB-Q:LEY_AL2O3_CONC_FINAL_COBRE.TURNO,48
LAB-Q:LEY_AL2O3_CONC_FINAL_COBRE_PROM.DIA,0
LAB-Q:Ley_As_Desc_Reactor_As_M-10.DIA,3352
LAB-Q:Ley_As_Desc_Reactor_As_M-8.DIA,3352
LAB-Q:Ley_As_Ripios_FU_M-2.DIA,3352
LAB-Q:Ley_Bi_Desc_Reactor_As_M-10.DIA,3352
LAB-Q:Ley_Bi_Desc_Reactor_As_M-8.DIA,3352
LAB-Q:Ley_Bi_Desc_Reactor_BI_M-9.DIA,3352
LAB-Q:Ley_Bi_Ripios_FU_M-2.DIA,3352
LAB-Q:Ley_Cd_Desc_Reactor_As_M-10.DIA,3352
LAB-Q:Ley_Cd_Ripios_FU_M-2.DIA,3352
LAB-Q:LEY_CUNS_CABEZA_SEWELL.TURNO,96
LAB-Q:LEY_CU_AGUA_IND_SEWELL.TURNO,3352
LAB-Q:LEY_CU_ALIM_COLUM_SAG.TURNO,96
LAB-Q:LEY_CU_ALIM_COLUM_SAG.TURNO_ACE_AVG,96
LAB-Q:LEY_CU_ALIM_PTA_MOLY.TURNO,3352
LAB-Q:LEY_CU_C212.TURNO,48
LAB-Q:LEY_CU_CABEZA_COLON.TURNO,96
LAB-Q:LEY_CU_CABEZA_COLON.TURNO_ACE_AVG,96
LAB-Q:LEY_CU_CABEZA_SAG.TURNO,96
LAB-Q:LEY_CU_CABEZA_SAG.TURNO_ACE_AVG,96
LAB-Q:LEY_CU_CABEZA_SAG2.TURNO,0
LAB-Q:LEY_CU_CABEZA_SAG2.TURNO_ACE_AVG,0
LAB-Q:LEY_CU_CABEZA_SEWELL.TURNO,96
LAB-Q:LEY_CU_CIRC_RE_SCV.TURNO,3352
LAB-Q:LEY_CU_CIRC_SCV_BANCO104.TURNO,3352
LAB-Q:LEY_CU_COLA_BANCO123.TURNO,3352
LAB-Q:LEY_CU_COLA_BANCO124.TURNO,3352
LAB-Q:LEY_CU_COLA_BARAHONA.TURNO,0
LAB-Q:LEY_CU_COLA_COLUM_SAG.TURNO,48
LAB-Q:LEY_CU_COLA_COLUM_SAG.TURNO_ACE_AVG,48
LAB-Q:LEY_CU_COLA_PLANTA_MOLY.TURNO,3352
LAB-Q:LEY_CU_COLA_REPASO1.TURNO,96
LAB-Q:LEY_CU_COLA_REPASO2.TURNO,3352
LAB-Q:LEY_CU_COLA_REP_COLON.TURNO,96
LAB-Q:LEY_CU_COLA_REP_SEWELL.TURNO,3352
LAB-Q:LEY_CU_COLA_ROUGHER_COLON.TURNO,48
LAB-Q:LEY_CU_COLA_ROUGHER_SEWELL.TURNO,3352
LAB-Q:LEY_CU_COLA_SAG.TURNO,342
LAB-Q:LEY_CU_COLA_SAG.TURNO_ACE_AVG,342
LAB-Q:LEY_CU_COLA_SCAVENGER.TURNO,48
LAB-Q:LEY_CU_COLA_SCV_SAG.TURNO,0
LAB-Q:LEY_CU_COLA_SCV_SAG.TURNO_ACE_AVG,0
LAB-Q:LEY_CU_COLA_SEWELL.TURNO,144
LAB-Q:LEY_CU_CONC_CIRCUITO-E.TURNO,3352
LAB-Q:LEY_CU_CONC_CTO_CU_COLON.TURNO,48
LAB-Q:LEY_Cu_CONC_FINAL_COBRE.TURNO,48
LAB-Q:LEY_Cu_CONC_Final_Moly.TURNO,3352
LAB-Q:LEY_CU_CONC_FINAL_PTR.TURNO,48
LAB-Q:LEY_CU_CONC_FINAL_SAG.TURNO,48
LAB-Q:LEY_CU_CONC_FINAL_SAG.TURNO_ACE_AVG,48
LAB-Q:LEY_CU_CONC_REP2_COLON.TURNO,3352
LAB-Q:LEY_CU_CONC_REPASO_SEWELL.TURNO,3352
LAB-Q:LEY_CU_CONC_REP_COLON.TURNO,54
LAB-Q:LEY_CU_CONC_ROUGHER_SEWELL.TURNO,3352
LAB-Q:LEY_CU_CONC_SCV_SAG.TURNO,96
LAB-Q:LEY_CU_CONC_SCV_SAG.TURNO_ACE_AVG,96
LAB-Q:Ley_Cu_Correa212.cm,0
LAB-Q:Ley_Cu_Desc_Reactor_As_M-10.DIA,3352
LAB-Q:Ley_Cu_Desc_Reactor_As_M-8.DIA,3352
LAB-Q:LEY_CU_ESCORIA_CT_A_MOLIENDA.TURNO,3352
LAB-Q:LEY_CU_ESCORIA_FRESCA_A_MOLIENDA.TURNO,3352
LAB-Q:LEY_CU_M_UNITARIO.TURNO,144
LAB-Q:Ley_Cu_Ripios_FU_M-2.DIA,3352
LAB-Q:LEY_Fe_CONC_FINAL_COBRE.TURNO,48
LAB-Q:LEY_Fe_CONC_FINAL_COBRE_PROM.DIA,0
LAB-Q:LEY_Fe_CONC_FINAL_SAG.TURNO,48
LAB-Q:LEY_Fe_CONC_FINAL_SAG.TURNO_ACE_AVG,48
LAB-Q:LEY_Fe_CONC_REPASO_SEWELL.TURNO,3352
LAB-Q:Ley_Fe_Desc_Reactor_As_M-10.DIA,3352
LAB-Q:LEY_Mo_ALIM_PTA_MOLY.TURNO,3352
LAB-Q:LEY_Mo_CABEZA_COLON.DIA,0
LAB-Q:LEY_Mo_Cabeza_Moly.TURNO,3352
LAB-Q:LEY_Mo_CABEZA_M_UNITARIO.DIA,0
LAB-Q:LEY_Mo_CABEZA_SAG.DIA,0
LAB-Q:LEY_Mo_CABEZA_SAG2.DIA,0
LAB-Q:LEY_Mo_CABEZA_SEWELL.DIA,144
LAB-Q:LEY_MO_CIRC_SCV_BANCO104.TURNO,3352
LAB-Q:LEY_MO_CIRC_SCV_BANCO108.TURNO,3352
LAB-Q:LEY_Mo_COLA_1Limp_Moly.TURNO,3352
LAB-Q:LEY_Mo_COLA_2Limp_Moly.TURNO,3352
LAB-Q:LEY_Mo_COLA_BARAHONA.TURNO,144
LAB-Q:LEY_Mo_COLA_BARAHONA_PROM.DIA,0
LAB-Q:LEY_Mo_COLA_COL_SAG.TURNO,48
LAB-Q:LEY_Mo_COLA_COL_SAG.TURNO_ACE_AVG,48
LAB-Q:LEY_Mo_COLA_COL_SAG_PROM.DIA,0
LAB-Q:LEY_Mo_COLA_PLANTA_MOLY.TURNO,3352
LAB-Q:LEY_Mo_COLA_REP2_COLON.TURNO,144
LAB-Q:LEY_Mo_COLA_REP2_COLON_PROM.DIA,0
LAB-Q:LEY_Mo_COLA_REP_COLON.TURNO,3352
LAB-Q:LEY_Mo_COLA_REP_COLON_PROM.DIA,0
LAB-Q:LEY_Mo_COLA_REP_SEWELL.TURNO,3352
LAB-Q:LEY_Mo_COLA_REP_SEWELL_PROM.DIA,3352
LAB-Q:LEY_Mo_COLA_RETRATAMIENTO.TURNO,3352
LAB-Q:LEY_Mo_COLA_RETRATAMIENTO_PROM.DIA,0
LAB-Q:LEY_Mo_COLA_ROUGHER_COLON.TURNO,48
LAB-Q:LEY_Mo_COLA_ROUGHER_COLON_PROM.DIA,0
LAB-Q:LEY_Mo_COLA_ROUGHER_Moly.TURNO,3352
LAB-Q:LEY_Mo_COLA_ROUGHER_SEWELL.TURNO,3352
LAB-Q:LEY_Mo_COLA_ROUGHER_SEWELL_PROM.DIA,0
LAB-Q:LEY_Mo_COLA_SAG.TURNO,342
LAB-Q:LEY_Mo_COLA_SAG_PROM.DIA,0
LAB-Q:LEY_Mo_COLA_SCAV_SAG.TURNO,48
LAB-Q:LEY_Mo_COLA_SCAV_SAG_PROM.DIA,0
LAB-Q:LEY_Mo_CONC_CIRCUITO-E.TURNO,3352
LAB-Q:LEY_Mo_CONC_CIRCUITO-E_PROM.DIA,0
LAB-Q:LEY_Mo_CONC_CTO_CU_COLON.TURNO,96
LAB-Q:LEY_Mo_CONC_FINAL,3352
LAB-Q:LEY_Mo_CONC_FINAL_COBRE.TURNO,48
LAB-Q:LEY_Mo_CONC_FINAL_COBRE_PROM.DIA,0
LAB-Q:LEY_Mo_CONC_Final_Moly.TURNO,3352
LAB-Q:LEY_Mo_CONC_FINAL_PTR.TURNO,3352
LAB-Q:LEY_Mo_CONC_FINAL_PTR_PROM.DIA,0
LAB-Q:LEY_Mo_CONC_FINAL_SAG.TURNO,48
LAB-Q:LEY_Mo_CONC_FINAL_SAG.TURNO_ACE_AVG,48
LAB-Q:LEY_Mo_CONC_FINAL_SAG_PROM.DIA,0
LAB-Q:LEY_Mo_CONC_MOLY,3352
LAB-Q:LEY_MO_CONC_SCV_SAG.TURNO,96
LAB-Q:Ley_Mo_Desc_Reactor_As_M-10.DIA,3352
LAB-Q:LEY_Mo_ESCORIA_CT_A_MOLIENDA.TURNO,3352
LAB-Q:LEY_Mo_ESCORIA_CT_A_MOLIENDA_PROM.DIA,3352
LAB-Q:LEY_Mo_ESCORIA_FRESCA_A_MOLIENDA.TURNO,3352
LAB-Q:LEY_Mo_ESCORIA_FRESCA_A_MOLIENDA_PROM.DIA,0
LAB-Q:LEY_Mo_Ox_CABEZA_COLON.DIA,0
LAB-Q:LEY_Mo_Ox_CABEZA_M_UNITARIO.DIA,0
LAB-Q:LEY_Mo_Ox_CABEZA_SAG.DIA,0
LAB-Q:LEY_Mo_Ox_CABEZA_SAG2.DIA,0
LAB-Q:LEY_Mo_Ox_CABEZA_SEWELL.DIA,0
LAB-Q:Ley_Mo_Ripios_FU_M-2.DIA,3352
LAB-Q:Ley_Pb_Desc_Reactor_As_M-10.DIA,3352
LAB-Q:LEY_SIO2_CONC_FINAL_COBRE.TURNO,48
LAB-Q:LEY_SIO2_CONC_FINAL_COBRE_PROM.DIA,0
LAB-Q:LEY_S_CABEZA_SEWELL.DIA,178
LAB-Q:LEY_S_CABEZA_TRAD_COLON.DIA,178
LAB-Q:LEY_S_CONC_CTO_CU.TURNO,96
LAB-Q:LEY_S_CONC_CTO_CU_COLON.TURNO,3352
LAB-Q:LEY_S_CONC_FINAL_CU.TURNO,48
LAB-Q:LEY_S_CONC_FINAL_SAG.TURNO,48
LAB-Q:LEY_S_CONC_FINAL_SAG.TURNO_ACE_AVG,48
LAB-Q:LEY_S_CONC_REP_1_COLON.TURNO,96
LAB-Q:Mn_Aguas_Claras_Emb.Dia,0
LAB-Q:Mn_Aguas_Claras_Emb.Dia_Of,3352
LAB-Q:Mn_Aguas_Dren_Muros_DS90.Dia,0
LAB-Q:Mn_Aguas_Dren_Muros_DS90.Dia_Of,3352
LAB-Q:Mn_Descarga_PAMo.Dia,0
LAB-Q:Mn_Descarga_PAMo.Dia_Of,3352
lab-q:mn_eflu_dir_emb.dia,0
lab-q:mn_eflu_dir_emb.dia.string,0
LAB-Q:Mn_Eflu_Dir_Emb.Dia_Of,3352
LAB-Q:Mn_Eflu_Mezcal_PAMo.Dia,0
LAB-Q:Mn_Eflu_Mezcal_PAMo.Dia_Of,3352
LAB-Q:Mn_Eflu_Mezcla_PAMo.Dia,0
LAB-Q:Mn_Eflu_Mezcla_PAMo.Dia_Of,3352
LAB-Q:Mn_Estacion1.Sem,3352
LAB-Q:Mn_Estacion_Dos_Ctrl.Semanal,0
LAB-Q:Mn_Pozo01.Sem,3352
LAB-Q:Mn_Pozo01.Sem_Oficial,3352
LAB-Q:Mn_Pozo02.Sem,3352
LAB-Q:Mn_Pozo02.Sem_Oficial,3352
LAB-Q:Mn_Pozo03.Sem,3352
LAB-Q:Mn_Pozo03.Sem_Oficial,3352
LAB-Q:Mn_Pozo04.Sem,3352
LAB-Q:Mn_Pozo04.Sem_Oficial,3352
LAB-Q:Mn_Pozo04A.Sem,3352
LAB-Q:Mn_Pozo05.Sem,3352
LAB-Q:Mn_Pozo05.Sem_Oficial,3352
LAB-Q:Mn_Pozo06.Sem,3352
LAB-Q:Mn_Pozo06.Sem_Oficial,3352
LAB-Q:Mn_Pozo07.Sem,3352
LAB-Q:Mn_Pozo07.Sem_Oficial,3352
LAB-Q:MoGxL_Desc_Reactor_As_M-10.DIA,3352
LAB-Q:MoGxL_Ripios_FU_M-2.DIA,3352
LAB-Q:MoGxL_Sol_a_Pta_A_M-5.DIA,3352
LAB-Q:MoGxL_Sol_a_Pta_SX_M-3.DIA,438
LAB-Q:MoT_Cab_Colon.cm,0
LAB-Q:MoT_Cab_Gen_Sewell.cm,0
LAB-Q:MoT_Cab_Molino_Unit.cm,0
LAB-Q:MoT_Cab_SAG1.cm,0
LAB-Q:MoT_Cab_SAG2.cm,0
LAB-Q:MoT_Cola_Circuito_ReSCV.cm,3352
LAB-Q:MoT_Cola_Colon.cm,0
LAB-Q:MoT_Cola_Rougher_Sewell.cm,0
LAB-Q:MoT_Cola_SAG.cm,0
LAB-Q:MoT_Conc_Final_Cu.cm,0
LAB-Q:MoT_Conc_Final_PTR.cm,3352
LAB-Q:MoT_Conc_Final_SAG.cm,0
LAB-Q:MoT_Conc_Repaso.cm,0
LAB-Q:MoT_Conc_Rougher_Sewell.cm,0
LAB-Q:Mo_Aguas_Claras_Emb.Dia,0
LAB-Q:Mo_Aguas_Claras_Emb.Dia_Of,3352
LAB-Q:Mo_Descarga_PAMo.Dia,0
LAB-Q:Mo_Descarga_PAMo.Dia_Of,3352
LAB-Q:Mo_Drenaje_Muros_Ctrl.Semanal,3352
LAB-Q:Mo_Drenaje_Muros_Ctrl.Total,0
LAB-Q:Mo_Eflu_Dir_Emb.Dia,0
LAB-Q:Mo_Eflu_Dir_Emb.Dia_Of,3352
LAB-Q:Mo_Eflu_Mezcla_PAMo.Dia,0
LAB-Q:Mo_Eflu_Mezcla_PAMo.Dia_Of,3352
LAB-Q:Mo_Estacion1.Dia,3352
LAB-Q:Mo_Estacion1.Sem,3352
LAB-Q:Mo_Estacion2.Dia,0
LAB-Q:Mo_Estacion2.Dia_Of,3352
LAB-Q:Mo_Pozo01.Sem,3352
LAB-Q:Mo_Pozo01.Sem_Oficial,3352
LAB-Q:Mo_Pozo02.Sem,3352
LAB-Q:Mo_Pozo02.Sem_Oficial,3352
LAB-Q:Mo_Pozo03.Sem,3352
LAB-Q:Mo_Pozo03.Sem_Oficial,3352
LAB-Q:Mo_Pozo04.Sem,3352
LAB-Q:Mo_Pozo04.Sem_Oficial,3352
LAB-Q:Mo_Pozo04A.Sem,3352
LAB-Q:Mo_Pozo05.Sem,3352
LAB-Q:Mo_Pozo05.Sem_Oficial,3352
LAB-Q:Mo_Pozo06.Sem,3352
LAB-Q:Mo_Pozo06.Sem_Oficial,3352
LAB-Q:Mo_Pozo07.Sem,3352
LAB-Q:Mo_Pozo07.Sem_Oficial,3352
LAB-Q:Nivel_Eflu_Mezcla_PAMo.Dia,3352
LAB-Q:Ni_Estacion1.Sem,3352
LAB-Q:NTU_Aguas_Claras_Emb,3352
LAB-Q:NTU_Aguas_Claras_Emb.Dia,3352
LAB-Q:NTU_Aguas_Dren_Muros_NCH.Dia,3352
LAB-Q:NTU_Estacion2,3352
LAB-Q:NTU_Estacion2.Dia,3352
LAB-Q:NTU_Mo_Descarga_PAMo.Dia,3352
LAB-Q:NTU_Mo_Eflu_Dir_Emb.Dia,3352
LAB-Q:N_Kjeldahl_Estacion1.Sem,3352
LAB-Q:PbGxL_Desc_Reactor_As_M-10.DIA,3352
LAB-Q:Pb_Estacion1.Sem,3352
LAB-Q:pH_20ÃÂÃÂÃÂÃÂÃÂÃÂÃÂÃÂÃÂÃÂÃÂÃÂÃÂÃÂÃÂÃÂÃÂÃÂÃÂÃÂÃÂÃÂÃÂÃÂÃÂÃÂÃÂÃÂÃÂÃÂÃÂÃÂ°C_Max_Estacion1.Sem,3352
LAB-Q:pH_20ÃÂÃÂÃÂÃÂÃÂÃÂÃÂÃÂÃÂÃÂÃÂÃÂÃÂÃÂÃÂÃÂÃÂÃÂÃÂÃÂÃÂÃÂÃÂÃÂÃÂÃÂÃÂÃÂÃÂÃÂÃÂÃÂ°C_Min_Estacion1.Sem,3352
LAB-Q:pH_Aguas_Claras_Emb,3352
LAB-Q:pH_Aguas_Claras_Emb.Dia,0
LAB-Q:pH_Aguas_Claras_Emb.Dia_Of,3352
LAB-Q:pH_Aguas_Dren_Muros_NCH.Dia,0
LAB-Q:pH_Aguas_Dren_Muros_NCH.Dia_Of,3352
LAB-Q:pH_Descarga_PAMo.Dia,0
LAB-Q:pH_Descarga_PAMo.Dia_Of,3352
LAB-Q:pH_Eflu_Dir_Emb.Dia,0
LAB-Q:pH_Eflu_Dir_Emb.Dia_Of,3352
LAB-Q:pH_Eflu_Mezcla_PAMo.Dia,0
LAB-Q:pH_Eflu_Mezcla_PAMo.Dia_Of,3352
LAB-Q:pH_Estacion1.Dia,3352
LAB-Q:pH_Estacion2,3352
LAB-Q:pH_Estacion2.Dia,0
LAB-Q:pH_Estacion2.Dia_Of,3352
LAB-Q:ph_Mo_Descarga_PAMo.Dia,3352
LAB-Q:Ph_Mo_Eflu_Dir_Emb.Dia,3352
LAB-Q:PPM_Cl_Sol_a_Pta_SX_M-3.DIA,432
LAB-Q:PPM_CU_ALIM_PTA_SX.TURNO,342
LAB-Q:PPM_CU_ALIM_PTA_SX_PROM.DIA,0
LAB-Q:PPM_CU_PTA_AGUA_MINA.DIA,150
LAB-Q:PPM_CU_REFINO_E-2_PTA_SX.TURNO,384
LAB-Q:PPM_CU_REFINO_E-2_PTA_SX_PROM.DIA,0
LAB-Q:P_Conc_Final_Moly_Andina.cm,0
LAB-Q:P_Conc_Final_Moly_Molymet.cm,0
LAB-Q:P_Estacion1.Sem,3352
LAB-Q:Query_Status_Interface,145
LAB-Q:Se_Estacion1.Sem,3352
LAB-Q:SO4_Aguas_Claras_Emb.Dia,0
LAB-Q:SO4_Aguas_Claras_Emb.Dia_Of,3352
LAB-Q:SO4_Drenaje_Muros_Ctrl.Semanal,3352
LAB-Q:SO4_Drenaje_Muros_Ctrl.Total,3352
LAB-Q:SO4_Eflu_Dir_Emb.Dia,0
LAB-Q:SO4_Eflu_Dir_Emb.Dia_Of,3352
LAB-Q:SO4_Estacion1.Sem,3352
LAB-Q:SO4_Estacion_Dos_Ctrl.Semanal,0
LAB-Q:SO4_Pozo01.Sem,3352
LAB-Q:SO4_Pozo01.Sem_Oficial,3352
LAB-Q:SO4_Pozo02.Sem,3352
LAB-Q:SO4_Pozo02.Sem_Oficial,3352
LAB-Q:SO4_Pozo03.Sem,3352
LAB-Q:SO4_Pozo03.Sem_Oficial,3352
LAB-Q:SO4_Pozo04.Sem,3352
LAB-Q:SO4_Pozo04.Sem_Oficial,3352
LAB-Q:SO4_Pozo04A.Sem,3352
LAB-Q:SO4_Pozo05.Sem,3352
LAB-Q:SO4_Pozo05.Sem_Oficial,3352
LAB-Q:SO4_Pozo06.Sem,3352
LAB-Q:SO4_Pozo06.Sem_Oficial,3352
LAB-Q:SO4_Pozo07.Sem,3352
LAB-Q:SO4_Pozo07.Sem_Oficial,3352
LAB-Q:SOLSUSP_CLARIF-1_PTA_SX.TURNO,3352
LAB-Q:SOLSUSP_CLARIF-2_PTA_SX.TURNO,3352
LAB-Q:SOLSUSP_PTA_AGUA_MINA.DIA,150
LAB-Q:SOLSUSP_REFINO_E-2_PTA_SX.TURNO,384
LAB-Q:SOLSUSP_Sol_a_Pta_SX_M-3.DIA,432
LAB-Q:Sol__Susp_Drenaje_Muros_Ctrl.Semanal,3352
LAB-Q:SST_Estacion1.Sem,3352
LAB-Q:Status_Interface,3352
LAB-Q:Sulfuros_Estacion1.Sem,3352
LAB-Q:Temp_Aguas_Claras_Emb,3352
LAB-Q:Temp_Aguas_Claras_Emb.Dia,3352
LAB-Q:Temp_Aguas_Dren_Muros_NCH.Dia,3352
LAB-Q:Temp_Eflu_Mezcla_PAMo.Dia,3352
LAB-Q:Temp_Estacion1.Sem,3352
LAB-Q:Temp_Estacion2,3352
LAB-Q:Temp_Estacion2.Dia,3352
LAB-Q:Temp_Mo_Descarga_PAMo.Dia,3352
LAB-Q:Temp_Mo_Eflu_Dir_Emb.Dia,3352
LAB-Q:TMH_CORREA_FLEX.DIA,3352
LAB-Q:TMS_ACARREADO_COLON_FINO.DIA,144
LAB-Q:TMS_ACARREADO_COLON_GRUESO.DIA,144
LAB-Q:TMS_ACARREADO_SEWELL.DIA,144
LAB-Q:TMS_CABEZA_COLON.TURNO,0
LAB-Q:TMS_CABEZA_SAG.TURNO,0
LAB-Q:TMS_CABEZA_SAG.TURNO_ACE_AVG,576
LAB-Q:TMS_CABEZA_SAG2.TURNO,0
LAB-Q:TMS_CABEZA_SAG2.TURNO_ACE_AVG,576
LAB-Q:TMS_CABEZA_SEWELL.TURNO,0
LAB-Q:TMS_CONC_FINAL_PTR.TURNO,0
LAB-Q:TMS_CORREA_212.TURNO,0
LAB-Q:TMS_CORREA_FLEX.DIA,3352
LAB-Q:TMS_ESCORIA_CT_A_MOLIENDA.TURNO,0
LAB-Q:TMS_ESCORIA_CT_A_MOLIENDA_PROM.DIA,3352
LAB-Q:TMS_ESCORIA_FRESCA_A_MOLIENDA.DIA,3352
LAB-Q:TMS_ESCORIA_FRESCA_A_MOLIENDA.TURNO,0
LAB-Q:TMS_M_UNITARIO.TURNO,0
LAB-Q:TMS_PROD_MOLY,3352
LAB-Q:TURBIDEZ_CLARIF-1_PTA_SX.TURNO,3352
LAB-Q:TURBIDEZ_CLARIF-2_PTA_SX.TURNO,3352
LAB-Q:Turb_Aguas_Claras_Ctrl.Semanal,3352
LAB-Q:Turb_Efluente_Embalse_Ctrl.Semanal,3352
LAB-Q:Turb_Estacion_Dos_Ctrl.Semanal,0
LAB-Q:Zn_Estacion1.Sem,3352
LAB-Q:% SOL_COLA_CASCBARAH_PROM.DIA,0
LAB-Q:%Fe_Correa212.cm,0
LAB-Q:%HUM_CORREA064_SEWELL_PROM.DIA,0
LAB-Q:%HUM_CORREA212_FC_PROM.DIA,0
LAB-Q:%INS_CONC_FINAL_PROM.DIA,0
LAB-Q:%Mo_Correa212.cm,0
LAB-Q:%_As_Correa212.cm,0
LAB-Q:%_Cal_Viva_C8.dia,0
LAB-Q:%_COLONCONVTOTCUT.DIA,430
LAB-Q:%_Cu_Alim_3ra_Limp_Moly,3352
LAB-Q:%_Cu_Alim_Rou_Moly,3352
LAB-Q:%_Cu_Cola_3ra_Limp_Moly,3352
LAB-Q:%_CU_COLA_GRAL_PTR_SEWELL.PROM.DIA,0
LAB-Q:%_Cu_Concentrado_Final,0
LAB-Q:%_Cu_Conc_2da_Limp_Moly,3352
LAB-Q:%_Cu_Conc_3ra_Limp_Moly,3352
LAB-Q:%_CU_CONC_FINAL_SEWELL.TURNO,144
LAB-Q:%_Cu_Conc_Rou_Moly,3352
LAB-Q:%_FE_CABEZA_COLON.DIA,0
LAB-Q:%_FE_CABEZA_M_UNITARIO.DIA,0
LAB-Q:%_FE_CABEZA_SEWELL.DIA,144
LAB-Q:%_FE_CONC_CTO_CU_COLON.TURNO,96
LAB-Q:%_H2O_CABEZA_COLON.DIA,3352
LAB-Q:%_H2O_CABEZA_COLON_MUESTRA_AUTO.TURNO,96
LAB-Q:%_H2O_CABEZA_COLON_MUESTRA_AUTO_PROM.DIA,0
LAB-Q:%_H2O_CABEZA_COLON_MUESTRA_MAN.TURNO,3352
LAB-Q:%_H2O_CORREA064_SEWELL.TURNO,3352
LAB-Q:%_H2O_CORREA117_SEWELL.TURNO,3352
LAB-Q:%_H2O_Correa212.cm,0
LAB-Q:%_H2O_Correa212.TURNO,0
LAB-Q:%_H2O_ESCORIA_CT_A_MOLIENDA.TURNO,3352
LAB-Q:%_H2O_ESCORIA_CT_A_MOLIENDA_PROM.DIA,3352
LAB-Q:%_H2O_ESCORIA_FRESCA_A_MOLIENDA.TURNO,3352
LAB-Q:%_H2O_ESCORIA_FRESCA_A_MOLIENDA_PROM.DIA,0
LAB-Q:%_H2O_FILTRO EIMCO.TURNO,3352
LAB-Q:%_H2O_RELAVE_A_MOLDA.TURNO,3352
LAB-Q:%_H2O_RELAVE_A_MOLDA_PROM.DIA,3352
LAB-Q:%_INS_CONC_CTO_CU_COLON.TURNO,48
LAB-Q:%_INS_CONC_FINAL_COBRE.TURNO,0
LAB-Q:%_Ins_Conc_Final_Cu.cm,0
LAB-Q:%_INS_CONC_FINAL_PTR.TURNO,3352
LAB-Q:%_Ins_Conc_Final_SAG.cm,0
LAB-Q:%_INS_CONC_FINAL_SAG.TURNO,0
LAB-Q:%_INS_CONC_FINAL_SAG.TURNO_ACE_AVG,0
LAB-Q:%_INS_CONC_FINAL_SEWELL.TURNO,144
LAB-Q:%_Ins_Conc_Repaso.cm,0
LAB-Q:%_Ins_Conc_Rougher_Sewell.cm,0
LAB-Q:%_MOT_ALIM_COLUMNA_SAG.TURNO,96
LAB-Q:%_MOT_ALIM_COLUMNA_SAG.TURNO_ACE_AVG,96
LAB-Q:%_MOT_CONC_PRIMARIO_MOLY.TURNO,3352
LAB-Q:%_Mo_Alim_3ra_Limp_Moly,3352
LAB-Q:%_Mo_Alim_Rou_Moly,3352
LAB-Q:%_Mo_Cola_3ra_Limp_Moly,3352
LAB-Q:%_MO_COLA_GRAL_PTR_SEWELL.PROM.DIA,0
LAB-Q:%_Mo_Conc_2da_Limp_Moly,3352
LAB-Q:%_Mo_Conc_3ra_Limp_Moly,3352
LAB-Q:%_MO_CONC_FINAL_SEWELL.DIA,0
LAB-Q:%_MO_CONC_FINAL_SEWELL.TURNO,144
LAB-Q:%_Mo_Conc_Rou_Moly,3352
LAB-Q:%_SOLIDO_AGUA_RECUPERADA_FILTROS.TURNO,3352
LAB-Q:%_SOLIDO_COLA_BARAHONA.HORA,0
LAB-Q:%_SOLIDO_COLA_BARAHONA_AUX_PROM.DIA,0
LAB-Q:%_SOLIDO_COLA_BARAHONA_PROM.DIA,0
LAB-Q:%_S_Correa212.cm,0
MOL:230_EH_M0104.DACA.PV,77
MOL:230_EH_M02.DACA.PV,127
MOL:230_EH_M03.DACA.PV,13
MOL:230_EH_M04.DACA.PV,46
MOL:230_EH_M0508.DACA.PV,27
MOL:230_EH_M06.DACA.PV,23
MOL:230_EH_M07.DACA.PV,6
MOL:230_EH_M08.DACA.PV,1
MOL:230_EH_M0912.DACA.PV,19
MOL:230_EH_M10.DACA.PV,10
MOL:230_EH_M11.DACA.PV,16
MOL:230_EH_M12.DACA.PV,28
MOL:230_ESC_ACUM_WR,0
MOL:230_ESC_INST_WR,385
MOL:230_FIC_66A,1
MOL:230_FIC_66B,1
MOL:230_FIC_66C,1
MOL:230_FIC_66D,1
MOL:230_FIC_66E,1
MOL:230_FIC_66F,1
MOL:230_FIC_66G,1
MOL:230_FIC_66J,1
MOL:230_FIC_66K,1
MOL:230_FIC_66L,1
MOL:230_FIC_66M,1
MOL:230_FIC_66N,1
MOL:230_FI_ESCORIA,3352
MOL:230_FI_MFRES,3352
MOL:230_FI_PEBBLES,3352
MOL:230_FI_RAZMOL01,3
MOL:230_FI_RAZMOL02,3352
MOL:230_FI_RAZMOL03,6
MOL:230_FI_RAZMOL04,5
MOL:230_FI_RAZMOL05,767
MOL:230_FI_RAZMOL06,225
MOL:230_FI_RAZMOL07,357
MOL:230_FI_RAZMOL08,142
MOL:230_FI_RAZMOL09,19
MOL:230_FI_RAZMOL10,10
MOL:230_FI_RAZMOL11,143
MOL:230_FI_RAZMOL12,5
MOL:230_FI_RAZTOTAL,3352
MOL:230_FI_TOTAL,3352
MOL:230_FI_TOT_AGUA_ESC_MOL01,1
MOL:230_FI_TOT_AGUA_ESC_MOL02,3352
MOL:230_FI_TOT_AGUA_ESC_MOL03,1
MOL:230_FI_TOT_AGUA_ESC_MOL04,1
MOL:230_FI_TOT_AGUA_ESC_MOL05,1
MOL:230_FI_TOT_AGUA_ESC_MOL06,1
MOL:230_FI_TOT_AGUA_ESC_MOL07,1
MOL:230_FI_TOT_AGUA_ESC_MOL08,1
MOL:230_FI_TOT_AGUA_ESC_MOL09,1
MOL:230_FI_TOT_AGUA_ESC_MOL10,1
MOL:230_FI_TOT_AGUA_ESC_MOL11,1
MOL:230_FI_TOT_AGUA_ESC_MOL12,1
MOL:230_FI_TOT_AGUA_MFRES_MOL01,1
MOL:230_FI_TOT_AGUA_MFRES_MOL02,3352
MOL:230_FI_TOT_AGUA_MFRES_MOL03,1
MOL:230_FI_TOT_AGUA_MFRES_MOL04,1
MOL:230_FI_TOT_AGUA_MFRES_MOL05,1
MOL:230_FI_TOT_AGUA_MFRES_MOL06,1
MOL:230_FI_TOT_AGUA_MFRES_MOL07,1
MOL:230_FI_TOT_AGUA_MFRES_MOL08,1
MOL:230_FI_TOT_AGUA_MFRES_MOL09,1
MOL:230_FI_TOT_AGUA_MFRES_MOL10,1
MOL:230_FI_TOT_AGUA_MFRES_MOL11,1
MOL:230_FI_TOT_AGUA_MFRES_MOL12,1
MOL:230_FI_TOT_AGUA_PEB_MOL01,1
MOL:230_FI_TOT_AGUA_PEB_MOL02,3352
MOL:230_FI_TOT_AGUA_PEB_MOL03,1
MOL:230_FI_TOT_AGUA_PEB_MOL04,1
MOL:230_FI_TOT_AGUA_PEB_MOL05,1
MOL:230_FI_TOT_AGUA_PEB_MOL06,1
MOL:230_FI_TOT_AGUA_PEB_MOL07,1
MOL:230_FI_TOT_AGUA_PEB_MOL08,1
MOL:230_FI_TOT_AGUA_PEB_MOL09,1
MOL:230_FI_TOT_AGUA_PEB_MOL10,1
MOL:230_FI_TOT_AGUA_PEB_MOL11,1
MOL:230_FI_TOT_AGUA_PEB_MOL12,1
MOL:230_FRES_ACUM_WR,0
MOL:230_HCBBA13,3352
MOL:230_HCBBA14,3352
MOL:230_HCBBA15,3352
MOL:230_ML01_EF,3352
MOL:230_ML02_EF,3352
MOL:230_ML03_EF,3352
MOL:230_ML04_EF,3352
MOL:230_ML05_EF,3352
MOL:230_ML06_EF,3352
MOL:230_ML07_EF,3352
MOL:230_ML08_EF,3352
MOL:230_ML09_EF,3352
MOL:230_ML10_EF,3352
MOL:230_ML11_EF,3352
MOL:230_ML12_EF,3352
MOL:230_RFIC_66A,2
MOL:230_RFIC_66B,2
MOL:230_RFIC_66C,2
MOL:230_RFIC_66D,2
MOL:230_RFIC_66E,2
MOL:230_RFIC_66F,2
MOL:230_RFIC_66G,2
MOL:230_RFIC_66J,2
MOL:230_RFIC_66K,2
MOL:230_RFIC_66L,2
MOL:230_RFIC_66M,2
MOL:230_RFIC_66N,2
MOL:310_FIT_CAL105,17
MOL:AI62A,1
MOL:AI62B,1
MOL:AI62C,3352
MOL:AI62D,3352
MOL:AI62E,3352
MOL:AI62F,1
MOL:AI62G,3352
MOL:AI62J,2
MOL:AI62K,3352
MOL:AI62L,3352
MOL:AI62M,3352
MOL:AI62N,3352
MOL:AIC62A,1
MOL:AIC62B,1
MOL:AIC62C,3352
MOL:AIC62D,3352
MOL:AIC62E,1
MOL:AIC62F,1
MOL:AIC62G,1
MOL:AIC62J,1
MOL:AIC62K,1
MOL:AIC62L,1
MOL:AIC62M,1
MOL:AIC62N,1
MOL:AIT62A,1
MOL:AIT62A_+325,3352
MOL:AIT62A_ESC,3352
MOL:AIT62A_ESC_F,3352
MOL:AIT62A_MINERAL,1029
MOL:AIT62B,1
MOL:AIT62B_+325,3352
MOL:AIT62B_ESC,3352
MOL:AIT62B_ESC_F,3352
MOL:AIT62B_MINERAL,487
MOL:AIT62C,3352
MOL:AIT62C_+325,3352
MOL:AIT62C_ESC,3352
MOL:AIT62C_ESC_F,3352
MOL:AIT62C_MINERAL,3352
MOL:AIT62D,3352
MOL:AIT62D_+325,3352
MOL:AIT62D_ESC,3352
MOL:AIT62D_ESC_F,3352
MOL:AIT62D_MINERAL,3352
MOL:AIT62E,3352
MOL:AIT62E_+325,3352
MOL:AIT62E_ESC,3352
MOL:AIT62E_ESC_F,3352
MOL:AIT62E_MINERAL,754
MOL:AIT62F,1
MOL:AIT62F_+325,3352
MOL:AIT62F_ESC,3352
MOL:AIT62F_ESC_F,3352
MOL:AIT62F_MINERAL,222
MOL:AIT62G,3352
MOL:AIT62G_+325,3352
MOL:AIT62G_ESC,3352
MOL:AIT62G_ESC_F,3352
MOL:AIT62G_MINERAL,350
MOL:AIT62J,3352
MOL:AIT62J_+325,3352
MOL:AIT62J_ESC,3352
MOL:AIT62J_ESC_F,3352
MOL:AIT62J_MINERAL,99
MOL:AIT62K,3352
MOL:AIT62k_+325,3352
MOL:AIT62K_ESC,3352
MOL:AIT62k_ESC_F,3352
MOL:AIT62K_mineral,183
MOL:AIT62L,3352
MOL:AIT62l_+325,3352
MOL:AIT62L_ESC,3352
MOL:AIT62l_ESC_F,3352
MOL:AIT62L_mineral,99
MOL:AIT62M,3352
MOL:AIT62m_+325,3352
MOL:AIT62M_ESC,3352
MOL:AIT62m_ESC_F,3352
MOL:AIT62M_mineral,99
MOL:AIT62N,3352
MOL:AIT62n_+325,3352
MOL:AIT62N_ESC,3352
MOL:AIT62n_ESC_F,3352
MOL:AIT62N_mineral,103
MOL:AITC62G,1
MOL:AITPREE,3352
MOL:CIRCU_AX,5
MOL:CIRCU_BX,487
MOL:CIRCU_CX,1
MOL:CIRCU_DX,3352
MOL:CIRCU_EX,9
MOL:CIRCU_FX,1
MOL:CIRCU_GX,1
MOL:CIRCU_JX,1
MOL:CIRCU_KX,1
MOL:CIRCU_LX,1
MOL:CIRCU_MX,1
MOL:CIRCU_NX,1
MOL:COLE_AX,3352
MOL:COLE_BX,3352
MOL:COLE_CX,3352
MOL:COLE_DX,3352
MOL:COLE_EX,3352
MOL:COLE_FX,3352
MOL:COLE_GX,3352
MOL:COLE_JX,3352
MOL:COLE_KX,3352
MOL:COLE_LX,3352
MOL:COLE_MX,3352
MOL:COLE_NX,3352
MOL:COL_P01X,1
MOL:COL_P02X,3352
MOL:COL_P03X,3352
MOL:COL_P04X,3352
MOL:COL_P05X,3352
MOL:COL_P06X,3352
MOL:COL_P07X,3352
MOL:COL_P08X,3352
MOL:COL_P09X,3352
MOL:COL_P10X,3352
MOL:COL_P11X,3352
MOL:COL_P12X,3352
MOL:CONESP01,30
MOL:CONESP02,8
MOL:CONESP03,59
MOL:CONESP04,6
MOL:CONESP05,767
MOL:CONESP06,224
MOL:CONESP07,357
MOL:CONESP08,142
MOL:CONESP09,185
MOL:CONESP10,142
MOL:CONESP11,143
MOL:CONESP12,856
MOL:CT71_GX,1
MOL:CTCOL_AX,1
MOL:CTCOL_BX,2
MOL:CTCOL_CX,2
MOL:CTCOL_DX,3
MOL:CTCOL_EX,2
MOL:CTCOL_FX,68
MOL:CTCOL_GX,18
MOL:CTCOL_JX,39
MOL:CTCOL_KX,2
MOL:CTCOL_LX,2
MOL:CTCOL_MX,85
MOL:CTCOL_NX,27
MOL:CTLEXP05.VAL_ACUM(1),3352
MOL:CTLEXP05.VAL_ACUM(10),3352
MOL:CTLEXP05.VAL_ACUM(11),3352
MOL:CTLEXP05.VAL_ACUM(12),3352
MOL:CTLEXP05.VAL_ACUM(15),3352
MOL:CTLEXP05.VAL_ACUM(4),3352
MOL:CTLEXP05.VAL_ACUM(7),3352
MOL:CTMOL001,3352
MOL:CTMOL002,3352
MOL:CTMOL003,3352
MOL:CTMOL004,3352
MOL:CTMOL005,3352
MOL:CTMOL006,3352
MOL:CTMOL007,3352
MOL:CTMOL008,3352
MOL:CTMOL009,3352
MOL:CTMOL010,3352
MOL:CTMOL011,3352
MOL:CTMOL012,3352
mol:dalim_ax,2
mol:dalim_bx,2
mol:dalim_cx,2
mol:dalim_dx,2
mol:dalim_ex,2
mol:dalim_fx,2
mol:dalim_gx,2
mol:dalim_jx,2
mol:dalim_kx,2
mol:dalim_lx,2
mol:dalim_mx,2
mol:dalim_nx,2
MOL:DI69FR,3352
MOL:DIC69A,5
MOL:DIC69AX,1434
MOL:DIC69B,2
MOL:DIC69BX,496
MOL:DIC69C,2
MOL:DIC69CX,3352
MOL:DIC69D,263
MOL:DIC69DX,265
MOL:DIC69E,566
MOL:DIC69EX,844
MOL:DIC69F,2
MOL:DIC69FX,143
MOL:DIC69G,2
MOL:DIC69GX,434
MOL:DIC69J,2
MOL:DIC69JX,141
MOL:DIC69K,2
MOL:DIC69KX,2075
MOL:DIC69L,139
MOL:DIC69LX,244
MOL:DIC69M,2
MOL:DIC69MX,557
MOL:DIC69N,2
MOL:DIC69NX,111
MOL:DIDES_JX,3352
MOL:DIDES_LX,3352
MOL:DIDES_MX,3352
MOL:DIINM_JX,3352
MOL:DIINM_LX,3352
MOL:DIINM_MX,3352
MOL:DIREC_AX,1
MOL:DIREC_BX,1
MOL:DIREC_CX,1
MOL:DIREC_DX,1
MOL:DIREC_EX,1
MOL:DIREC_FX,1
MOL:DIREC_GX,1
MOL:DIREC_JX,1
MOL:DIREC_KX,1
MOL:DIREC_LX,1
MOL:DIREC_MX,1
MOL:DIREC_NX,1
MOL:EFIC_AX,2
MOL:EFIC_BX,2
MOL:EFIC_CX,2
MOL:EFIC_DX,2
MOL:EFIC_EX,4
MOL:EFIC_FX,2
MOL:EFIC_GX,2
MOL:EFIC_JX,2
MOL:EFIC_KX,66
MOL:EFIC_LX,57
MOL:EFIC_MX,23
MOL:EFIC_NX,35
mol:es_ca76a,3352
mol:es_ca76b,3352
mol:es_ca76c,3352
mol:es_ca76d,3352
mol:es_ca76e,3352
mol:es_ca76f,3352
mol:es_ca76g,3352
mol:es_ca76j,3352
mol:es_ca76k,3352
mol:es_ca76l,3352
mol:es_ca76m,3352
mol:es_ca76n,3352
MOL:FC652915,3352
MOL:FC652916,3352
MOL:FFIC66A,3352
MOL:FFIC66B,3352
MOL:FFIC66C,3352
MOL:FFIC66D,3352
MOL:FFIC66E,2
MOL:FFIC66F,3352
MOL:FFIC66G,2
MOL:FFIC66J,2
MOL:FFIC66K,3352
MOL:FFIC66L,3352
MOL:FFIC66M,3352
MOL:FFIC66N,3352
MOL:FIC65A,1
MOL:FIC65A.OP,1
MOL:FIC65A.SP,1
MOL:FIC65B,1
MOL:FIC65B.OP,1
MOL:FIC65B.SP,1
MOL:FIC65C,1
MOL:FIC65C.OP,1
MOL:FIC65C.SP,1
MOL:FIC65D,1
MOL:FIC65D.OP,1
MOL:FIC65D.SP,1
MOL:FIC65E,1
MOL:FIC65E.OP,1
MOL:FIC65E.SP,1
MOL:FIC65F,1
MOL:FIC65F.OP,1
MOL:FIC65F.SP,1
MOL:FIC65G,1
MOL:FIC65G.OP,1
MOL:FIC65G.SP,1
MOL:FIC65J,1
MOL:FIC65J.OP,1
MOL:FIC65J.SP,1
MOL:FIC65K,1
MOL:FIC65K.OP,1
MOL:FIC65K.SP,1
MOL:FIC65L,1
MOL:FIC65L.OP,1
MOL:FIC65L.SP,1
MOL:FIC65M,1
MOL:FIC65M.OP,1
MOL:FIC65M.SP,1
MOL:FIC65N,1
MOL:FIC65N.OP,1
MOL:FIC65N.SP,1
MOL:FIC66F,3352
MOL:FIC70AA,256
MOL:FIC70AA.OP,1
MOL:FIC70BB,2
MOL:FIC70BB.OP,1
MOL:FIC70CC,2
MOL:FIC70CC.OP,1
MOL:FIC70DD,2
MOL:FIC70DD.OP,1
MOL:FIC70EE,1
MOL:FIC70EE.OP,1
MOL:FIC70FF,1
MOL:FIC70FF.OP,1
MOL:FIC70GG,1
MOL:FIC70GG.OP,1
MOL:FIC70JJ,1
MOL:FIC70JJ.OP,1
MOL:FIC70KK,1
MOL:FIC70KK.OP,1
MOL:FIC70LL,1
mol:FIC70LL.OP,1
MOL:FIC70MM,1
MOL:FIC70MM.OP,1
MOL:FIC70NN,1
MOL:FIC70NN.OP,1
MOL:FIT41039,1
MOL:FIT41040,2
MOL:FIT42001,3352
MOL:FIT44002,1
MOL:FIT44003,1
mol:fit69a,1
mol:fit69b,487
mol:fit69c,1
mol:fit69d,3352
mol:fit69e,1
mol:fit69f,1
mol:fit69g,1
mol:fit69j,1
mol:fit69k,1
mol:fit69l,1
mol:fit69m,1
mol:fit69n,1
MOL:FIT70A,256
MOL:FIT70B,2
MOL:FIT70C,2
MOL:FIT70D,2
MOL:FIT70E,1
MOL:FIT70F,1
MOL:FIT70G,1
MOL:FIT70J,1
MOL:FIT70K,1
MOL:FIT70L,1
MOL:FIT70M,1
MOL:FIT70N,1
MOL:FITS65A,1
MOL:FITS65B,1
MOL:FITS65C,1
MOL:FITS65D,1
MOL:FITS65E,1
MOL:FITS65F,1
MOL:FITS65G,1
MOL:FITS65J,1
MOL:FITS65K,1
MOL:FITS65L,1
MOL:FITS65M,1
MOL:FITS65N,1
MOL:FMMOL01,5
MOL:FMMOL02,487
MOL:FMMOL03,1
MOL:FMMOL04,3352
MOL:FMMOL05,9
MOL:FMMOL06,1
MOL:FMMOL07,1
MOL:FMMOL08,1
MOL:FMMOL09,1
MOL:FMMOL10,1
MOL:FMMOL11,1
MOL:FMMOL12,1
MOL:FV70A.OP,1
MOL:FV70B.OP,1
MOL:FV70C.OP,1
MOL:FV70D.OP,1
MOL:FV70E.OP,1
MOL:FV70F.OP,1
MOL:FV70G.OP,1
MOL:FV70J.OP,1
MOL:FV70K.OP,1
MOL:FV70L.OP,1
MOL:FV70M.OP,74
MOL:FV70N.OP,13
MOL:G_LLEN_AX,1
MOL:G_LLEN_BX,1
MOL:G_LLEN_CX,1
MOL:G_LLEN_DX,1
MOL:G_LLEN_EX,4
MOL:G_LLEN_FX,1
MOL:G_LLEN_GX,1
MOL:G_LLEN_JX,1
MOL:G_LLEN_KX,66
MOL:G_LLEN_LX,57
MOL:G_LLEN_MX,23
MOL:G_LLEN_NX,35
MOL:IC_MOL1,0
MOL:IC_MOL10,57
MOL:IC_MOL11,1
MOL:IC_MOL12,35
MOL:IC_MOL2,1
MOL:IC_MOL3,1
MOL:IC_MOL4,1
MOL:IC_MOL5,1
MOL:IC_MOL6,1
MOL:IC_MOL7,1
MOL:IC_MOL8,1
MOL:IC_MOL9,15
MOL:JI56A,1
MOL:JI56AX,1
MOL:JI56B,1
MOL:JI56BX,1
MOL:JI56C,1
MOL:JI56CX,1
MOL:JI56D,1
MOL:JI56DX,1
MOL:JI56E,4
MOL:JI56EX,4
MOL:JI56F,1
MOL:JI56FX,1
MOL:JI56G,1
MOL:JI56GX,1
MOL:JI56J,1
MOL:JI56JX,1
MOL:JI56K,66
MOL:JI56KX,66
MOL:JI56L,57
MOL:JI56LX,57
MOL:JI56M,23
MOL:JI56MX,23
MOL:JI56N,35
MOL:JI56NX,35
MOL:LIC67A,13
MOL:LIC67A.OP,1
MOL:LIC67B,1
MOL:LIC67B.OP,1
MOL:LIC67C,1
MOL:LIC67C.OP,1
MOL:LIC67D,1
MOL:LIC67D.OP,1
MOL:LIC67E,1
MOL:LIC67E.OP,1
MOL:LIC67F,1
MOL:LIC67F.OP,1
MOL:LIC67G,1
MOL:LIC67G.OP,1
MOL:LIC67J,1
MOL:LIC67J.OP,1
MOL:LIC67K,1
MOL:LIC67K.OP,1
MOL:LIC67L,1
MOL:LIC67L.OP,1
MOL:LIC67M,1
MOL:LIC67M.OP,1
MOL:LIC67N,1
MOL:LIC67N.OP,1
MOL:LIT_CABEZA,1
MOL:MOL0010_CV01_N(10),2
MOL:MOL0010_CV01_N(11),2
MOL:MOL0010_CV02_N(12),2
MOL:MOL0010_CV02_N(13),2
MOL:MOL0010_CV03_N(14),2
MOL:MOL0010_CV03_N(15),2
MOL:MOL0010_CV04_N(16),2
MOL:MOL0010_CV04_N(17),2
MOL:MOL0010_CV05_N(18),2
MOL:MOL0010_CV05_N(19),2
MOL:MOL0010_MV01_N(30),2
MOL:MOL0010_MV01_N(31),2
MOL:MOL0010_MV02_N(32),2
MOL:MOL0010_MV02_N(33),2
MOL:MOL0010_MV03_N(34),2
MOL:MOL0010_MV03_N(35),2
MOL:MOL0010_MV04_N(36),2
MOL:MOL0010_MV04_N(37),2
MOL:MOL0011_CV01_N(10),2
MOL:MOL0011_CV01_N(11),2
MOL:MOL0011_CV02_N(12),2
MOL:MOL0011_CV02_N(13),2
MOL:MOL0011_CV03_N(14),2
MOL:MOL0011_CV03_N(15),2
MOL:MOL0011_CV04_N(16),2
MOL:MOL0011_CV04_N(17),2
MOL:MOL0011_CV05_N(18),2
MOL:MOL0011_CV05_N(19),2
MOL:MOL0011_MV01_N(30),2
MOL:MOL0011_MV01_N(31),2
MOL:MOL0011_MV02_N(32),2
MOL:MOL0011_MV02_N(33),2
MOL:MOL0011_MV03_N(34),2
MOL:MOL0011_MV03_N(35),2
MOL:MOL0011_MV04_N(36),2
MOL:MOL0011_MV04_N(37),2
MOL:MOL0012_CV01_N(10),0
MOL:MOL0012_CV01_N(11),0
MOL:MOL0012_CV02_N(12),2
MOL:MOL0012_CV02_N(13),0
MOL:MOL0012_CV03_N(14),0
MOL:MOL0012_CV03_N(15),0
MOL:MOL0012_CV04_N(16),0
MOL:MOL0012_CV04_N(17),0
MOL:MOL0012_CV05_N(18),0
MOL:MOL0012_CV05_N(19),0
MOL:MOL0012_MV01_N(30),0
MOL:MOL0012_MV01_N(31),0
MOL:MOL0012_MV02_N(32),0
MOL:MOL0012_MV02_N(33),0
MOL:MOL0012_MV03_N(34),0
MOL:MOL0012_MV03_N(35),0
MOL:MOL0012_MV04_N(36),0
MOL:MOL0012_MV04_N(37),0
MOL:MOL001E_CV01_N(10),2
MOL:MOL001E_CV01_N(11),2
MOL:MOL001E_CV02_N(12),2
MOL:MOL001E_CV02_N(13),2
MOL:MOL001E_CV03_N(14),2
MOL:MOL001E_CV03_N(15),2
MOL:MOL001E_CV04_N(16),2
MOL:MOL001E_CV04_N(17),2
MOL:MOL001E_CV05_N(18),2
MOL:MOL001E_CV05_N(19),2
MOL:MOL001E_MV01_N(30),2
MOL:MOL001E_MV01_N(31),2
MOL:MOL001E_MV02_N(32),2
MOL:MOL001E_MV02_N(33),2
MOL:MOL001E_MV03_N(34),2
MOL:MOL001E_MV03_N(35),2
MOL:MOL001E_MV04_N(36),2
MOL:MOL001E_MV04_N(37),2
MOL:MOL001_CV01_N(10),2
MOL:MOL001_CV01_N(11),2
MOL:MOL001_CV02_N(12),2
MOL:MOL001_CV02_N(13),2
MOL:MOL001_CV03_N(14),2
MOL:MOL001_CV03_N(15),2
MOL:MOL001_CV04_N(16),2
MOL:MOL001_CV04_N(17),2
MOL:MOL001_CV05_N(18),2
MOL:MOL001_CV05_N(19),2
MOL:MOL001_MV01_N(30),2
MOL:MOL001_MV01_N(31),2
MOL:MOL001_MV02_N(32),2
MOL:MOL001_MV02_N(33),2
MOL:MOL001_MV03_N(34),2
MOL:MOL001_MV03_N(35),2
MOL:MOL001_MV04_N(36),2
MOL:MOL001_MV04_N(37),2
MOL:MOL002E_CV01_N(10),2
MOL:MOL002E_CV01_N(11),2
MOL:MOL002E_CV02_N(12),2
MOL:MOL002E_CV02_N(13),2
MOL:MOL002E_CV03_N(14),2
MOL:MOL002E_CV03_N(15),2
MOL:MOL002E_CV04_N(16),2
MOL:MOL002E_CV04_N(17),2
MOL:MOL002E_CV05_N(18),2
MOL:MOL002E_CV05_N(19),2
MOL:MOL002E_MV01_N(30),2
MOL:MOL002E_MV01_N(31),2
MOL:MOL002E_MV02_N(32),2
MOL:MOL002E_MV02_N(33),2
MOL:MOL002E_MV03_N(34),2
MOL:MOL002E_MV03_N(35),2
MOL:MOL002E_MV04_N(36),2
MOL:MOL002E_MV04_N(37),2
MOL:MOL002_CV01_N(10),0
MOL:MOL002_CV01_N(11),0
MOL:MOL002_CV02_N(12),2
MOL:MOL002_CV02_N(13),0
MOL:MOL002_CV03_N(14),0
MOL:MOL002_CV03_N(15),0
MOL:MOL002_CV04_N(16),0
MOL:MOL002_CV04_N(17),0
MOL:MOL002_CV05_N(18),0
MOL:MOL002_CV05_N(19),0
MOL:MOL002_MV01_N(30),0
MOL:MOL002_MV01_N(31),0
MOL:MOL002_MV02_N(32),0
MOL:MOL002_MV02_N(33),0
MOL:MOL002_MV03_N(34),0
MOL:MOL002_MV03_N(35),0
MOL:MOL002_MV04_N(36),0
MOL:MOL002_MV04_N(37),0
MOL:MOL003E_CV01_N(10),2
MOL:MOL003E_CV01_N(11),2
MOL:MOL003E_CV02_N(12),2
MOL:MOL003E_CV02_N(13),2
MOL:MOL003E_CV03_N(14),2
MOL:MOL003E_CV03_N(15),2
MOL:MOL003E_CV04_N(16),2
MOL:MOL003E_CV04_N(17),2
MOL:MOL003E_CV05_N(18),2
MOL:MOL003E_CV05_N(19),2
MOL:MOL003E_MV01_N(30),2
MOL:MOL003E_MV01_N(31),2
MOL:MOL003E_MV02_N(32),2
MOL:MOL003E_MV02_N(33),2
MOL:MOL003E_MV03_N(34),2
MOL:MOL003E_MV03_N(35),2
MOL:MOL003E_MV04_N(36),2
MOL:MOL003E_MV04_N(37),2
MOL:MOL003_CV01_N(10),0
MOL:MOL003_CV01_N(11),0
MOL:MOL003_CV02_N(12),2
MOL:MOL003_CV02_N(13),0
MOL:MOL003_CV03_N(14),0
MOL:MOL003_CV03_N(15),0
MOL:MOL003_CV04_N(16),0
MOL:MOL003_CV04_N(17),0
MOL:MOL003_CV05_N(18),0
MOL:MOL003_CV05_N(19),0
MOL:MOL003_MV01_N(30),0
MOL:MOL003_MV01_N(31),0
MOL:MOL003_MV02_N(32),0
MOL:MOL003_MV02_N(33),0
MOL:MOL003_MV03_N(34),0
MOL:MOL003_MV03_N(35),0
MOL:MOL003_MV04_N(36),0
MOL:MOL003_MV04_N(37),0
MOL:MOL004E_CV01_N(10),2
MOL:MOL004E_CV01_N(11),2
MOL:MOL004E_CV02_N(12),2
MOL:MOL004E_CV02_N(13),2
MOL:MOL004E_CV03_N(14),2
MOL:MOL004E_CV03_N(15),2
MOL:MOL004E_CV04_N(16),2
MOL:MOL004E_CV04_N(17),2
MOL:MOL004E_CV05_N(18),2
MOL:MOL004E_CV05_N(19),2
MOL:MOL004E_MV01_N(30),2
MOL:MOL004E_MV01_N(31),2
MOL:MOL004E_MV02_N(32),2
MOL:MOL004E_MV02_N(33),2
MOL:MOL004E_MV03_N(34),2
MOL:MOL004E_MV03_N(35),2
MOL:MOL004E_MV04_N(36),2
MOL:MOL004E_MV04_N(37),2
MOL:MOL004_CV01_N(10),0
MOL:MOL004_CV01_N(11),0
MOL:MOL004_CV02_N(12),2
MOL:MOL004_CV02_N(13),0
MOL:MOL004_CV03_N(14),0
MOL:MOL004_CV03_N(15),0
MOL:MOL004_CV04_N(16),0
MOL:MOL004_CV04_N(17),0
MOL:MOL004_CV05_N(18),0
MOL:MOL004_CV05_N(19),0
MOL:MOL004_MV01_N(30),0
MOL:MOL004_MV01_N(31),0
MOL:MOL004_MV02_N(32),0
MOL:MOL004_MV02_N(33),0
MOL:MOL004_MV03_N(34),0
MOL:MOL004_MV03_N(35),0
MOL:MOL004_MV04_N(36),0
MOL:MOL004_MV04_N(37),0
MOL:MOL005_CV01_N(10),2
MOL:MOL005_CV01_N(11),2
MOL:MOL005_CV02_N(12),2
MOL:MOL005_CV02_N(13),2
MOL:MOL005_CV03_N(14),2
MOL:MOL005_CV03_N(15),2
MOL:MOL005_CV04_N(16),2
MOL:MOL005_CV04_N(17),2
MOL:MOL005_CV05_N(18),2
MOL:MOL005_CV05_N(19),2
MOL:MOL005_MV01_N(30),2
MOL:MOL005_MV01_N(31),2
MOL:MOL005_MV02_N(32),2
MOL:MOL005_MV02_N(33),2
MOL:MOL005_MV03_N(34),2
MOL:MOL005_MV03_N(35),2
MOL:MOL005_MV04_N(36),2
MOL:MOL005_MV04_N(37),2
MOL:MOL006_CV01_N(10),1
MOL:MOL006_CV01_N(11),1
MOL:MOL006_CV02_N(12),2
MOL:MOL006_CV02_N(13),1
MOL:MOL006_CV03_N(14),1
MOL:MOL006_CV03_N(15),1
MOL:MOL006_CV04_N(16),1
MOL:MOL006_CV04_N(17),1
MOL:MOL006_CV05_N(18),1
MOL:MOL006_CV05_N(19),1
MOL:MOL006_MV01_N(30),1
MOL:MOL006_MV01_N(31),1
MOL:MOL006_MV02_N(32),1
MOL:MOL006_MV02_N(33),1
MOL:MOL006_MV03_N(34),1
MOL:MOL006_MV03_N(35),1
MOL:MOL006_MV04_N(36),1
MOL:MOL006_MV04_N(37),1
MOL:MOL007_CV01_N(10),1
MOL:MOL007_CV01_N(11),1
MOL:MOL007_CV02_N(12),2
MOL:MOL007_CV02_N(13),1
MOL:MOL007_CV03_N(14),1
MOL:MOL007_CV03_N(15),1
MOL:MOL007_CV04_N(16),1
MOL:MOL007_CV04_N(17),1
MOL:MOL007_CV05_N(18),1
MOL:MOL007_CV05_N(19),1
MOL:MOL007_MV01_N(30),1
MOL:MOL007_MV01_N(31),1
MOL:MOL007_MV02_N(32),1
MOL:MOL007_MV02_N(33),1
MOL:MOL007_MV03_N(34),1
MOL:MOL007_MV03_N(35),1
MOL:MOL007_MV04_N(36),1
MOL:MOL007_MV04_N(37),1
MOL:MOL008_CV01_N(10),1
MOL:MOL008_CV01_N(11),1
MOL:MOL008_CV02_N(12),2
MOL:MOL008_CV02_N(13),1
MOL:MOL008_CV03_N(14),1
MOL:MOL008_CV03_N(15),1
MOL:MOL008_CV04_N(16),1
MOL:MOL008_CV04_N(17),1
MOL:MOL008_CV05_N(18),1
MOL:MOL008_CV05_N(19),1
MOL:MOL008_MV01_N(30),1
MOL:MOL008_MV01_N(31),1
MOL:MOL008_MV02_N(32),1
MOL:MOL008_MV02_N(33),1
MOL:MOL008_MV03_N(34),1
MOL:MOL008_MV03_N(35),1
MOL:MOL008_MV04_N(36),1
MOL:MOL008_MV04_N(37),1
MOL:MOL009_CV01_N(10),1
MOL:MOL009_CV01_N(11),1
MOL:MOL009_CV02_N(12),2
MOL:MOL009_CV02_N(13),1
MOL:MOL009_CV03_N(14),1
MOL:MOL009_CV03_N(15),1
MOL:MOL009_CV04_N(16),1
MOL:MOL009_CV04_N(17),1
MOL:MOL009_CV05_N(18),1
MOL:MOL009_CV05_N(19),1
MOL:MOL009_MV01_N(30),1
MOL:MOL009_MV01_N(31),1
MOL:MOL009_MV02_N(32),1
MOL:MOL009_MV02_N(33),1
MOL:MOL009_MV03_N(34),1
MOL:MOL009_MV03_N(35),1
MOL:MOL009_MV04_N(36),1
MOL:MOL009_MV04_N(37),1
MOL:PIT75A,1
MOL:PIT75B,1
MOL:PIT75C,1
MOL:PIT75D,1
MOL:PIT75E,1
MOL:PIT75F,1
MOL:PIT75G,1
MOL:PIT75J,1
MOL:PIT75K,1
MOL:PIT75L,1
MOL:PIT75M,1
MOL:PIT75N,1
MOL:STMOL001,3352
MOL:STMOL002,3352
MOL:STMOL003,3352
MOL:STMOL004,3352
MOL:STMOL005,3352
MOL:STMOL006,3352
MOL:STMOL007,3352
MOL:STMOL008,3352
MOL:STMOL009,3352
MOL:STMOL010,3352
MOL:STMOL011,3352
MOL:STMOL012,3352
MOL:Su_Mol10,2
MOL:Su_Mol11,143
MOL:Su_Mol12,2
MOL:Su_Mol1_Escoria,0
MOL:Su_Mol1_Mineral,0
MOL:Su_Mol2_Escoria,0
MOL:Su_Mol2_Mineral,0
MOL:Su_Mol3_Escoria,0
MOL:Su_Mol3_Mineral,1
MOL:Su_Mol4_Escoria,0
MOL:Su_Mol4_Mineral,0
MOL:Su_Mol5_Escoria,0
MOL:Su_Mol5_Mineral,49
MOL:Su_Mol6_Escoria,0
MOL:Su_Mol6_Mineral,1
MOL:Su_Mol7_Escoria,0
MOL:Su_Mol7_Mineral,1
MOL:Su_Mol8,2
MOL:Su_Mol9,2
MOL:TMH_MOL_1-12_MINERAL,1
MOL:TMH_MOL_3-12,1
MOL:TMS_ESCORIA_TRATADA,0
MOL:TMS_MINERAL_FRESCO_TRATADO,0
MOL:TOTAL_ALIM_MOL_CONV,1
MOL:TOTCALMOL,3352
MOL:TOT_ALIM_FLO_CONV_TMS,2
MOL:TOT_ALIM_REC_AGUA_TMS,2
MOL:WIC44A+44B_ESC,0
MOL:WIC44A+44B_MINERAL,0
MOL:WIC44A,1
MOL:WIC44AX,3352
MOL:WIC44A_ESC,0
MOL:WIC44A_MINERAL,0
MOL:WIC44A_PEBBLES,0
MOL:WIC44B,1
MOL:WIC44BX,3352
MOL:WIC44B_ESC,0
MOL:WIC44B_MINERAL,0
MOL:WIC44B_PEBBLES,0
MOL:WIC44C,1
MOL:WIC44CX,3352
MOL:WIC44C_ESC,0
MOL:WIC44C_MINERAL,0
MOL:WIC44C_PEBBLES,0
MOL:WIC44D,1
MOL:WIC44D2,1
MOL:WIC44DX,3352
MOL:WIC44DX2,3352
MOL:WIC44D_ESC,0
MOL:WIC44D_MINERAL,0
MOL:WIC44D_Pebbles,0
MOL:WIC44D_RELAVE,0
MOL:WIC44E,1
MOL:WIC44EX,3352
MOL:WIC44E_ESC,0
MOL:WIC44E_MINERAL,0
MOL:WIC44E_p,0
MOL:WIC44E_PEBBLES,0
MOL:WIC44F,1
MOL:WIC44FX,3352
MOL:WIC44F_ESC,0
MOL:WIC44F_MINERAL,0
MOL:WIC44F_PEBBLES,0
MOL:WIC44G,1
MOL:WIC44GX,3352
MOL:WIC44G_ESC,0
MOL:WIC44G_MINERAL,0
MOL:WIC44G_PEBBLES,0
MOL:WIC44J,1
MOL:WIC44JX,3352
MOL:WIC44J_ESC,0
MOL:WIC44J_MINERAL,0
MOL:WIC44J_PEBBLES,0
MOL:WIC44J_SP,1
MOL:WIC44K,1
MOL:WIC44KX,3352
MOL:WIC44K_ESC,0
MOL:WIC44K_MINERAL,0
MOL:WIC44K_PEBBLES,0
MOL:WIC44L,1
MOL:WIC44LX,3352
MOL:WIC44L_ESC,0
MOL:WIC44L_MINERAL,0
MOL:WIC44L_p,0
MOL:WIC44L_PEBBLES,0
MOL:WIC44M,1
MOL:WIC44MX,3352
MOL:WIC44M_ESC,0
MOL:WIC44M_MINERAL,0
MOL:WIC44M_PEBBLES,0
MOL:WIC44N,1
MOL:WIC44NX,3352
MOL:WIC44N_ESC,0
MOL:WIC44N_MINERAL,0
MOL:WIC44N_PEBBLES,0
MOL:WIC44X,3352
mol:wisec_ax,1
mol:wisec_bx,1
mol:wisec_cx,1
mol:wisec_dx,1
MOL:WISEC_EX,1
mol:wisec_fx,1
mol:wisec_gx,1
mol:wisec_jx,1
mol:wisec_kx,1
mol:wisec_lx,1
mol:wisec_mx,1
mol:wisec_nx,1
MOL:WIT_12MOLS,0
MU:120_LIT_5701,2
MU:120_LIT_5701_SP,3352
MU:120_LIT_5706,2
MU:120_LV_5701,3352
MU:120_LV_5706,3352
MU:280_AIT_8790,2
mu:280_aix_8790,2
mu:280_aix_8790_01,3352
mu:280_aix_8790_02,3352
mu:280_aix_8790_03,3352
mu:280_aix_8790_04,3352
MU:280_AIX_8790_05,3352
MU:280_AIX_8790_1,3352
mu:280_aix_8790_3,3352
mu:280_aix_8790_4,3352
mu:280_aix_8790_5,3352
mu:280_aix_8790_6,3352
mu:280_aix_8790_7,3352
mu:280_aix_8790_8,3352
MU:280_AI_PSI,3352
MU:280_DHO_2013,0
MU:280_DHU_2013,0
MU:280_DIC_8783,2
MU:280_DIM_2013,0
MU:280_DIT_8783,2
MU:280_EH_MUN.PV,63
MU:280_FFC_8786,2
MU:280_FFC_8789,60
MU:280_FFC_8789_SP,2
MU:280_FFV_8789,3352
MU:280_FFY_8787B,3352
MU:280_FIC_8785,2
MU:280_FIC_8785_OP,2
MU:280_FIC_8785_SP,2
MU:280_FIT_8782,2
MU:280_FIT_8782MM,3352
MU:280_FIT_8785,2
MU:280_FIT_8789,7
mu:280_fit_8789_op,2
MU:280_FIT_8792,2
MU:280_FIT_8812.PV,2
MU:280_FIT_8815.PV,2
MU:280_FIT_8941,2
MU:280_FIT_8949,2
MU:280_FIT_8951,2
MU:280_FIT_8959,2
MU:280_FIT_8961,3352
MU:280_FI_RAZMUN.ADDA_1.OUT,2
MU:280_FI_RAZMUN,2
MU:280_FV_8785,3352
MU:280_FY_8784,0
MU:280_FY_8785B,2
MU:280_GLLEN,74
MU:280_JIC_UN,2
MU:280_LIC_8781,2
MU:280_LIC_8781B,3352
MU:280_LIC_8781_OP,2
MU:280_LIT_8781,2
MU:280_LIT_8928,0
MU:280_LIT_8942,2
MU:280_LIT_8952,5
MU:280_LIT_8962,2
MU:280_LIT_CANAL,2
MU:280_ML01_X,2
MU:280_PIT_8601,2
MU:280_TA_01,1
MU:280_TD_01,0
MU:280_THA_01,1
MU:280_THD_01,991
MU:280_THR_01,55
MU:280_WIC_8778,2
MU:280_WIC_8778_OP,2
MU:280_WIC_8778_SP,2
MU:280_WIT_8778,2
MU:280_WIT_SECO,1
MU:280_XD_01,992
MU:371_LIT_5550,2
MU:371_PY_5576B.OP,2
MU:AITUNIT,3352
mu:aitunit1,3352
MU:CEE_MUNIT_DIA_ANT,3352
MU:CONESPUNI,4
MU:CTMOL013,3352
MU:DisplayedStatus_Profit,3352
MU:MOL0013_CV01_N(10),0
MU:MOL0013_CV01_N(11),0
MU:MOL0013_CV02_N(12),0
MU:MOL0013_CV02_N(13),0
MU:MOL0013_CV03_N(14),0
MU:MOL0013_CV03_N(15),0
MU:MOL0013_CV04_N(16),0
MU:MOL0013_CV04_N(17),0
MU:MOL0013_CV05_N(18),0
MU:MOL0013_CV05_N(19),0
MU:MOL0013_MV01_N(30),0
MU:MOL0013_MV01_N(31),0
MU:MOL0013_MV02_N(32),0
MU:MOL0013_MV02_N(33),0
MU:MOL0013_MV03_N(34),0
MU:MOL0013_MV03_N(35),0
MU:MOL0013_MV04_N(36),0
MU:MOL0013_MV04_N(37),0
MU:Su_Mol13,0
MU:TMS_MINERAL_FRESCO_TRATADO,2
R-AGUA:330_LE_3001,3352
R-AGUA:330_LE_5001,3352
R-AGUA:330_WIS_3001,3352
R-AGUA:330_WIS_5001,3352
R-AGUA:330_WI_2001,3352
R-AGUA:330_WI_3001,3352
R-AGUA:330_WI_4001,3352
R-AGUA:330_WI_5001,3352
R-AGUA:330_WI_6001,3352
R-AGUA:330_WI_7001,3352
R-AGUA:330_WI_9001,3352
R-AGUA:CEE_PP115_INST,0
R-AGUA:CEE_PP116_INST,0
R-AGUA:CEE_PP117_INST,0
R-AGUA:CEE_PP118_INST,0
R-AGUA:Concentracion_de_solido,0
R-AGUA:CONC_SOL_MADRE,0
R-AGUA:Exced_Dia_IMD.SIP,0
R-AGUA:Exced_Turno_IMD.SIP,3352
R-AGUA:Flocu_FI-3820,0
R-AGUA:Flocu_FI-3820_OP,0
R-AGUA:Flocu_FI-3820_SP,0
R-AGUA:Flocu_FI-3822,0
R-AGUA:Flocu_FI-3824,0
R-AGUA:Flocu_FI-3824_OP,0
R-AGUA:Flocu_FI-3824_SP,0
R-AGUA:Flocu_FI-3826,0
R-AGUA:Flocu_FI-3828,0
R-AGUA:Flocu_FI-3828_OP,0
R-AGUA:Flocu_FI-3828_SP,0
R-AGUA:Flocu_FI-3830,0
R-AGUA:Flocu_FI-3832,0
R-AGUA:Flocu_FI-3832_OP,0
R-AGUA:Flocu_FI-3832_SP,0
R-AGUA:Flocu_FI-3834,0
R-AGUA:Flocu_FI-3836,0
R-AGUA:Flocu_FI-3836_OP,0
R-AGUA:Flocu_FI-3836_SP,0
R-AGUA:Flocu_FI-3838,0
R-AGUA:Flocu_FI-3840,0
R-AGUA:Flocu_FI-3840_OP,0
R-AGUA:Flocu_FI-3840_SP,0
R-AGUA:Flocu_FI-3842,0
R-AGUA:Flocu_FI-3844,0
R-AGUA:Flocu_FI-3844_OP,0
R-AGUA:Flocu_FI-3844_SP,0
R-AGUA:Flocu_FI-3846,0
R-AGUA:Flocu_FI-3848,0
R-AGUA:Flocu_FI-3860,0
R-AGUA:Flocu_FI-3864,0
R-AGUA:Flocu_LI-3812,0
R-AGUA:Flocu_LI-3858,0
R-AGUA:LIT2713A,0
R-AGUA:LIT355,0
R-AGUA:LIT5301,0
R-AGUA:LIT5311,0
R-AGUA:LIT5321A,0
R-AGUA:LIT5321B,0
R-AGUA:LIT5321C,0
R-AGUA:LIT5331,0
R-AGUA:LIT5332,0
R-AGUA:LIT5333,0
R-AGUA:LIT5334,0
R-AGUA:PorcenSol,3352
R-AGUA:PORCENSOL_CA6,0
R-AGUA:PP115.FIT5315,0
R-AGUA:PP116.FIT5316,0
R-AGUA:PP117.FIT5317,0
R-AGUA:PP118.FIT5318,0
R-AGUA:prom_descarga_recuperadores,0
R-AGUA:R10_AlturaInterface,0
R-AGUA:R10_CV_3_TORQUE_LA,6
R-AGUA:R10_CV_3_TORQUE_LB,3121
R-AGUA:R10_CV_5_NIVEL_INTERFAZ_LA,3352
R-AGUA:R10_CV_5_NIVEL_INTERFAZ_LB,6
R-AGUA:R10_CV_6_TURBIDEZ_LA,6
R-AGUA:R10_CV_6_TURBIDEZ_LB,3352
R-AGUA:R10_CV_7_AGUA_RECUPERADA_LA,3352
R-AGUA:R10_CV_7_AGUA_RECUPERADA_LB,6
R-AGUA:R10_DIT1107_DIT1107,0
R-AGUA:R10_DIT1111_DIT1111,0
R-AGUA:R10_FIC1154_CF,0
R-AGUA:R10_FIC1154_SPF,0
R-AGUA:R10_FIT1103_4800FIT1103,0
R-AGUA:R10_FIT1106_4800FIT1106,0
R-AGUA:R10_FIT1110_4800FIT1110,0
R-AGUA:R10_FIT1121_4800FIT1121,0
R-AGUA:R10_FIT1154_4800FIT1154,0
R-AGUA:R10_FIT1156_4800FIT1156,0
R-AGUA:R10_FIT_1103,0
R-AGUA:R10_FIT_1106,0
R-AGUA:R10_FIT_1110,0
R-AGUA:R10_FIT_1154,0
R-AGUA:R10_FIT_1156,0
R-AGUA:R10_LIT1122_4800LIT1122,0
R-AGUA:R10_LIT1125_4800LIT1125,0
R-AGUA:R10_LIT_1122,0
R-AGUA:R10_LIT_1125,0
R-AGUA:R10_MV_3_FLOCULANTE_LA,6
R-AGUA:R10_MV_3_FLOCULANTE_LB,6
R-AGUA:R10_NivelRastra,0
R-AGUA:R10_PresionCono_Decimal,0
R-AGUA:R10_PV_Valvula_1107_Profit,6
R-AGUA:R10_PV_Valvula_1111_Profit,6
R-AGUA:R10_Torque,0
R-AGUA:R10_TURBIDEZ,0
R-AGUA:R2_A330_AIT_207,0
R-AGUA:R2_A330_FIT_205,0
R-AGUA:R2_A330_FIT_208,0
R-AGUA:R2_A330_FV_203SP,0
R-AGUA:R2_A330_LIT_206_pulg,0
R-AGUA:R2_A330_ZIT_203,0
R-AGUA:R2_DENSIDAD_DE_ENTRADA,0
R-AGUA:R2_DIT_01,0
R-AGUA:R2_DIT_02,0
R-AGUA:R2_FIC._3820.PID.OUT,0
R-AGUA:R2_FIC._3820.PID.PV,0
R-AGUA:R2_FIC._3820.PID.SP,0
R-AGUA:R2_FIC._3824.PID.OUT,0
R-AGUA:R2_FIC._3824.PID.PV,0
R-AGUA:R2_FIC._3824.PID.SP,0
R-AGUA:R2_FIC._3828.PID.OUT,0
R-AGUA:R2_FIC._3828.PID.PV,0
R-AGUA:R2_FIC._3828.PID.SP,0
R-AGUA:R2_FIC._3832.PID.OUT,0
R-AGUA:R2_FIC._3832.PID.PV,0
R-AGUA:R2_FIC._3832.PID.SP,0
R-AGUA:R2_FIC._3836.PID.OUT,0
R-AGUA:R2_FIC._3836.PID.PV,0
R-AGUA:R2_FIC._3836.PID.SP,0
R-AGUA:R2_FIC._3840.PID.OUT,0
R-AGUA:R2_FIC._3840.PID.PV,0
R-AGUA:R2_FIC._3840.PID.SP,0
R-AGUA:R2_FIC._3844.PID.OUT,0
R-AGUA:R2_FIC._3844.PID.PV,0
R-AGUA:R2_FIC._3844.PID.SP,0
R-AGUA:R2_FIC_3820_MASTER.SP,0
R-AGUA:R2_FIC_3820_SLAVE.OUT,0
R-AGUA:R2_FIC_3820_SLAVE.PV,0
R-AGUA:R2_FIC_3824_MASTER.SP,0
R-AGUA:R2_FIC_3824_SLAVE.OUT,0
R-AGUA:R2_FIC_3824_SLAVE.PV,0
R-AGUA:R2_FIC_3828_MASTER.SP,0
R-AGUA:R2_FIC_3828_SLAVE.OUT,0
R-AGUA:R2_FIC_3828_SLAVE.PV,0
R-AGUA:R2_FIC_3832_MASTER.SP,0
R-AGUA:R2_FIC_3832_SLAVE.OUT,0
R-AGUA:R2_FIC_3832_SLAVE.PV,0
R-AGUA:R2_FIC_3836_MASTER.SP,0
R-AGUA:R2_FIC_3836_SLAVE.OUT,0
R-AGUA:R2_FIC_3836_SLAVE.PV,0
R-AGUA:R2_FIC_3840_MASTER.SP,0
R-AGUA:R2_FIC_3840_SLAVE.OUT,0
R-AGUA:R2_FIC_3840_SLAVE.PV,0
R-AGUA:R2_FIC_3844_MASTER.SP,0
R-AGUA:R2_FIC_3844_SLAVE.OUT,0
R-AGUA:R2_FIC_3844_SLAVE.PV,0
R-AGUA:R2_Floculante_Limit_High,101
R-AGUA:R2_Floculante_Limit_Low,101
R-AGUA:R2_Flujo_Agua_Clara_Limit_High,3352
R-AGUA:R2_Flujo_Agua_Clara_Limit_Low,101
R-AGUA:R2_Nivel_Interfaz_Limit_High,3352
R-AGUA:R2_Nivel_Interfaz_Limit_Low,101
R-AGUA:R2_Nivel_Rastras,0
R-AGUA:R2_NR_pruebas,0
R-AGUA:R2_TN_pruebas,0
R-AGUA:R2_Torque_Limite_High,101
R-AGUA:R2_Torque_Norte,0
R-AGUA:R2_Torque_Sur,0
R-AGUA:R2_Torque_Sur_Limit_High,3352
R-AGUA:R2_Torque_Sur_Limit_Low,3352
R-AGUA:R2_TS_pruebas,0
R-AGUA:R2_Turbidimetro_Limit_High,101
R-AGUA:R2_Turbidimetro_Limit_Low,3352
R-AGUA:R2_VALV_01,0
R-AGUA:R2_VALV_02,0
R-AGUA:R2_VALV_03,0
R-AGUA:R2_VALV_04,0
R-AGUA:R2_%Solidos_Linea1_Limit_High,101
R-AGUA:R2_%Solidos_Linea1_Limit_Low,101
R-AGUA:R2_%Solidos_Linea2_Limit_High,101
R-AGUA:R2_%Valvula_Linea1_Limit_High,101
R-AGUA:R2_%Valvula_Linea2_Limit_High,101
R-AGUA:R3_A330_AIT_307,0
R-AGUA:R3_A330_FIT_305,0
R-AGUA:R3_A330_FIT_308,0
R-AGUA:R3_A330_FV_303SP,0
R-AGUA:R3_A330_LIT_306_pulg,0
R-AGUA:R3_A330_ZIT_303,0
R-AGUA:R3_DENSIDAD_DE_ENTRADA,0
R-AGUA:R3_DIT_01,0
R-AGUA:R3_DIT_02,0
R-AGUA:R3_Floculante_Limit_High,6
R-AGUA:R3_Floculante_Limit_Low,6
R-AGUA:R3_Flujo_Agua_Clara_Limit_High,3352
R-AGUA:R3_Flujo_Agua_Clara_Limit_Low,6
R-AGUA:R3_Nivel_Interfaz_Limit_High,3352
R-AGUA:R3_Nivel_Interfaz_Limit_Low,6
R-AGUA:R3_Nivel_Rastras,0
R-AGUA:R3_Torque_Limite_High,6
R-AGUA:R3_Torque_Norte,0
R-AGUA:R3_Torque_Sur,0
R-AGUA:R3_Turbidimetro_Limit_High,6
R-AGUA:R3_Turbidimetro_Limit_Low,3352
R-AGUA:R3_VALV_01,0
R-AGUA:R3_VALV_02,0
R-AGUA:R3_VALV_03,0
R-AGUA:R3_VALV_04,0
R-AGUA:R3_%Solido_Linea1_Limit_High,6
R-AGUA:R3_%Solido_Linea1_Limit_Low,6
R-AGUA:R3_%Solido_Linea2_Limit_High,6
R-AGUA:R3_%Solido_Linea2_Limit_Low,6
R-AGUA:R3_%Valvula_Linea1_Limit_High,6
R-AGUA:R3_%Valvula_Linea1_Limit_Low,6
R-AGUA:R3_%Valvula_Linea2_Limit_High,6
R-AGUA:R3_%Valvula_Linea2_Limit_Low,6
R-AGUA:R4_A330_AIT_407,0
R-AGUA:R4_A330_FIT_405,0
R-AGUA:R4_A330_FIT_408,0
R-AGUA:R4_A330_FV_403SP,0
R-AGUA:R4_A330_LIT_406_pulg,0
R-AGUA:R4_A330_ZIT_403,0
R-AGUA:R4_DENSIDAD_DE_ENTRADA,0
R-AGUA:R4_DIT_01,0
R-AGUA:R4_DIT_02,0
R-AGUA:R4_Floculante_Limit_High,2260
R-AGUA:R4_Floculante_Limit_Low,2260
R-AGUA:R4_Flujometro_Conc,3352
R-AGUA:R4_Flujometro_Conc_plc,3352
R-AGUA:R4_Flujo_Agua_Clara_Limit_High,3352
R-AGUA:R4_Flujo_Agua_Clara_Limit_Low,2260
R-AGUA:R4_Nivel_Interfaz_Limit_High,3352
R-AGUA:R4_Nivel_Interfaz_Limit_Low,2260
R-AGUA:R4_Nivel_Rastras,0
R-AGUA:R4_Torque_Norte,0
R-AGUA:R4_Torque_Norte_Limite_High,2260
R-AGUA:R4_Torque_Norte_Limite_Low,3352
R-AGUA:R4_Torque_Sur,0
R-AGUA:R4_Turbidimetro_Limit_High,2260
R-AGUA:R4_Turbidimetro_Limit_Low,3352
R-AGUA:R4_VALV_01,0
R-AGUA:R4_VALV_02,0
R-AGUA:R4_VALV_03,0
R-AGUA:R4_VALV_04,0
R-AGUA:R4_%Solidos_Linea1_Limit_High,2260
R-AGUA:R4_%Solidos_Linea1_Limit_Low,2260
R-AGUA:R4_%Solidos_Linea2_Limit_High,2260
R-AGUA:R4_%Solidos_Linea2_Limit_Low,2260
R-AGUA:R4_%Valvula_Linea1_Limit_High,2260
R-AGUA:R4_%Valvula_Linea1_Limit_Low,2260
R-AGUA:R4_%Valvula_Linea2_Limit_High,2260
R-AGUA:R4_%Valvula_Linea2_Limit_Low,2260
R-AGUA:R5_A330_FIT_505,0
R-AGUA:R5_A330_FIT_508,0
R-AGUA:R5_A330_FV_503SP,0
R-AGUA:R5_A330_LIT_506_pulg,0
R-AGUA:R5_A330_OIT_534,0
R-AGUA:R5_A330_ZIT_503,0
R-AGUA:R5_DIT_01,0
R-AGUA:R5_DIT_02,0
R-AGUA:R5_Floculante_Limit_High,6
R-AGUA:R5_Floculante_Limit_Low,6
R-AGUA:R5_Flujo_Agua_Clara_Limit_High,6
R-AGUA:R5_Flujo_Agua_Clara_Limit_Low,6
R-AGUA:R5_Nivel_Interfaz_Limit_High,6
R-AGUA:R5_Nivel_Interfaz_Limit_Low,6
R-AGUA:R5_Nivel_Rastras,0
R-AGUA:R5_Torque_Norte,0
R-AGUA:R5_Torque_Norte_Limite_High,6
R-AGUA:R5_Torque_Norte_Limite_Low,6
R-AGUA:R5_Torque_Sur,0
R-AGUA:R5_Turbidimetro_Limit_High,6
R-AGUA:R5_Turbidimetro_Limit_Low,6
R-AGUA:R5_VALV_01,0
R-AGUA:R5_VALV_02,0
R-AGUA:R5_VALV_03,0
R-AGUA:R5_VALV_04,0
R-AGUA:R5_%Solidos_Linea1_Limit_High,6
R-AGUA:R5_%Solidos_Linea1_Limit_Low,6
R-AGUA:R5_%Solidos_Linea2_Limit_High,6
R-AGUA:R5_%Solidos_Linea2_Limit_Low,6
R-AGUA:R5_%Valvula_Linea1_Limit_High,6
R-AGUA:R5_%Valvula_Linea1_Limit_Low,6
R-AGUA:R5_%Valvula_Linea2_Limit_High,6
R-AGUA:R5_%Valvula_Linea2_Limit_Low,6
R-AGUA:R6_A330_AIT_607,0
R-AGUA:R6_A330_FIT_605,0
R-AGUA:R6_A330_FIT_608,0
R-AGUA:R6_A330_FV_603SP,0
R-AGUA:R6_A330_LIT_606_pulg,0
R-AGUA:R6_A330_OIT_634,0
R-AGUA:R6_A330_ZIT_603,0
R-AGUA:R6_DENSIDAD_DE_ENTRADA,0
R-AGUA:R6_DIT_01,0
R-AGUA:R6_DIT_02,0
R-AGUA:R6_Floculante_Limit_High,6
R-AGUA:R6_Floculante_Limit_Low,6
R-AGUA:R6_Flujo_Agua_Clara_Limit_High,3352
R-AGUA:R6_Flujo_Agua_Clara_Limit_Low,6
R-AGUA:R6_Nivel_Interfaz_Limit_High,3352
R-AGUA:R6_Nivel_Interfaz_Limit_Low,6
R-AGUA:R6_Nivel_Rastras,0
R-AGUA:R6_Torque_Limite_High,6
R-AGUA:R6_Torque_Norte,0
R-AGUA:R6_Torque_Sur,0
R-AGUA:R6_Turbidimetro_Limit_High,6
R-AGUA:R6_Turbidimetro_Limit_Low,3352
R-AGUA:R6_VALV_01,0
R-AGUA:R6_VALV_02,0
R-AGUA:R6_VALV_03,0
R-AGUA:R6_VALV_04,0
R-AGUA:R6_%Solidos_Linea1_Limit_High,6
R-AGUA:R6_%Solidos_Linea1_Limit_Low,6
R-AGUA:R6_%Solidos_Linea2_Limit_High,6
R-AGUA:R6_%Solidos_Linea2_Limit_Low,6
R-AGUA:R6_%Valvula_Linea1_Limit_High,6
R-AGUA:R6_%Valvula_Linea1_Limit_Low,6
R-AGUA:R6_%Valvula_Linea2_Limit_High,6
R-AGUA:R6_%Valvula_Linea2_Limit_Low,6
R-AGUA:R6_%_Solidos_L1_L2_Limit_High,3352
R-AGUA:R6_%_Valvulas_L1_L2_Limit_High,3352
R-AGUA:R7_A330_AIT_707,0
R-AGUA:R7_A330_FIT_705,0
R-AGUA:R7_A330_FIT_708,0
R-AGUA:R7_A330_FV_703SP,0
R-AGUA:R7_A330_LIT_706_pulg,0
R-AGUA:R7_A330_OIT_734,0
R-AGUA:R7_A330_ZIT_703,0
R-AGUA:R7_DENSIDAD_DE_ENTRADA,0
R-AGUA:R7_DIT_01,0
R-AGUA:R7_DIT_02,0
R-AGUA:R7_Floculante_Limit_High,6
R-AGUA:R7_Floculante_Limit_Low,6
R-AGUA:R7_Flujo_Agua_Clara_Limit_High,6
R-AGUA:R7_Flujo_Agua_Clara_Limit_Low,6
R-AGUA:R7_HMI_SP_V1,0
R-AGUA:R7_HMI_SP_V2,0
R-AGUA:R7_HMI_SP_V3,0
R-AGUA:R7_HMI_SP_V4,0
R-AGUA:R7_Nivel_Interfaz_Limit_High,6
R-AGUA:R7_Nivel_Interfaz_Limit_Low,6
R-AGUA:R7_Nivel_Rastras,0
R-AGUA:R7_Torque_Norte,0
R-AGUA:R7_Torque_Norte_Limite_High,6
R-AGUA:R7_Torque_Norte_Limite_Low,6
R-AGUA:R7_Torque_Sur,0
R-AGUA:R7_Turbidimetro_Limit_High,6
R-AGUA:R7_Turbidimetro_Limit_Low,6
R-AGUA:R7_VALV_01,0
R-AGUA:R7_VALV_02,0
R-AGUA:R7_VALV_03,0
R-AGUA:R7_VALV_04,0
R-AGUA:R7_%Solidos_Linea1_Limit_High,6
R-AGUA:R7_%Solidos_Linea1_Limit_Low,6
R-AGUA:R7_%Solidos_Linea2_Limit_High,6
R-AGUA:R7_%Solidos_Linea2_Limit_Low,6
R-AGUA:R7_%Valvula_Linea1_Limit_High,6
R-AGUA:R7_%Valvula_Linea1_Limit_Low,6
R-AGUA:R7_%Valvula_Linea2_Limit_High,6
R-AGUA:R7_%Valvula_Linea2_Limit_Low,6
R-AGUA:R9_A330_AIT_907,0
R-AGUA:R9_A330_FIT_905,0
R-AGUA:R9_A330_FIT_908,0
R-AGUA:R9_A330_FV_903SP,0
R-AGUA:R9_A330_OIT_934,0
R-AGUA:R9_A330_ZIT_903,0
R-AGUA:R9_DENSIDAD_DE_ENTRADA,0
R-AGUA:R9_DIT_01,0
R-AGUA:R9_DIT_02,0
R-AGUA:R9_Floculante_Limit_High,102
R-AGUA:R9_Floculante_Limit_Low,102
R-AGUA:R9_Flujo_Agua_Clara_Limit_High,3352
R-AGUA:R9_Flujo_Agua_Clara_Limit_Low,103
R-AGUA:R9_Nivel_Interfaz_Limit_High,3352
R-AGUA:R9_Nivel_Interfaz_Limit_Low,103
R-AGUA:R9_Nivel_Rastras,0
R-AGUA:R9_Torque_Limite_High,102
R-AGUA:R9_Torque_Norte,0
R-AGUA:R9_Torque_Sur,0
R-AGUA:R9_Turbidimetro_Limit_High,103
R-AGUA:R9_Turbidimetro_Limit_Low,3352
R-AGUA:R9_VALOR_INTE_MTS,0
R-AGUA:R9_VALV_01,0
R-AGUA:R9_VALV_02,0
R-AGUA:R9_VALV_03,0
R-AGUA:R9_VALV_04,0
R-AGUA:R9_%Solidos_Linea1_Limit_High,103
R-AGUA:R9_%Solidos_Linea1_Limit_Low,103
R-AGUA:R9_%Solidos_Linea2_Limit_High,103
R-AGUA:R9_%Solidos_Linea2_Limit_Low,103
R-AGUA:R9_%Valvula_Linea1_Limit_High,103
R-AGUA:R9_%Valvula_Linea1_Limit_Low,103
R-AGUA:R9_%Valvula_Linea2_Limit_High,103
R-AGUA:R9_%Valvula_Linea2_Limit_Low,103
R-AGUA:Real_Dia_IMD.SIP,0
R-AGUA:Real_Turno_IMD.SIP,0
R-AGUA:Solucion_madre,0
R-AGUA:Sol_Conv_CA6_Dia_IMD.SIP,0
R-AGUA:Sol_Conv_CA6_Turno_IMD.SIP,0
R-AGUA:Sol_Sag_CA6_Dia_IMD.SIP,0
R-AGUA:Sol_Sag_CA6_Turno_IMD.SIP,0
RH:EPUQUIOS.NIVEL,45
RH:F-06,45
RH:F-07,45
RH:F-08,45
RH:F-16,45
RH:F-17,45
RH:F-34,45
RH:F-35,45
RH:F-36,45
RH:F-42,45
RH:F-45,45
RH:F-53,45
RH:F-70_IZ,45
RH:F-71_D,45
RH:F01.FLUJO,45
RH:F02.FLUJO,45
RH:F022,46
RH:F03.FLUJO,45
RH:F05.FLUJO,45
RH:F078,45
RH:F08,45
RH:F10.FLUJO,46
RH:F11.FLUJO,46
RH:F12.FLUJO,46
RH:F13.FLUJO,46
RH:F18.FLUJO,45
RH:F19.FLUJO,45
RH:F23.FLUJO,45
RH:F25.FLUJO,45
RH:F30.FLUJO,45
RH:F37.FLUJO,45
RH:F38.FLUJO,45
RH:F40.FLUJO,45
RH:F43.FLUJO,46
RH:F44.FLUJO,567
RH:F47.FLUJO,46
RH:F48.FLUJO,45
RH:F49.FLUJO,45
RH:F50.FLUJO,45
RH:F51.FLUJO,45
RH:F52,45
RH:F56.FLUJO,3352
RH:F61.FLUJO,45
RH:F62.FLUJO,45
RH:F63.FLUJO,45
RH:F69.FLUJO,45
RH:FIT-002B,45
RH:FIT-0033,45
RH:FIT-015,3292
RH:FIT-020,45
RH:FIT-021,45
RH:FIT-026,1300
RH:FIT-027,45
RH:FIT-028,45
RH:FIT-031,748
RH:FIT-041,45
RH:FIT-047,46
RH:FIT-072,45
RH:FIT-073,45
RH:FIT-074,45
RH:FIT-076,45
RH:FIT-084,45
RH:FIT-085,45
RH:FIT-086,45
RH:FIT-087,103
RH:FIT-093,567
RH:FIT-094,46
RH:FIT-095A,46
RH:FIT-098,45
RH:FIT-099,45
RH:FIT-100,45
RH:FIT-101,45
RH:FIT-102,45
RH:FIT-103,3352
RH:FIT-104,1136
RH:FIT003,45
RH:FIT029,45
RH:FIT033,1913
RH:FIT054,45
RH:FIT077,45
RH:FIT079,45
RH:FIT080,45
RH:FIT081,45
RH:FIT082,45
RH:FIT083,45
RH:FIT09,46
RH:FIT14,45
RH:FIT15405,45
RH:FIT15823,45
RH:FIT_PAIC_01,103
RH:FIT_PAIC_02,103
RH:F_37,45
RH:F_75,46
RH:GE.PLC_09.FIT-097,45
RH:LIT-01B,45
RH:MB.PLC_05.FIT-096,45
RH:SICS3.SEL_SC,3352
RH:Volumen_Embalse_2,45
SAG2:260_DIC_1842,0
SAG2:260_DIC_1842_a1,0
SAG2:260_DIC_1842_c1,0
SAG2:260_DI_1852,1
SAG2:260_DI_1856,3352
SAG2:260_DI_1884,73
SAG2:260_DI_1884_HI,0
SAG2:260_DI_1884_LO,0
SAG2:260_DI_1896,40
SAG2:260_DI_1896_HI,0
SAG2:260_DI_1896_LO,0
SAG2:260_DI_CSAG2,3352
sag2:260_espum,0
SAG2:260_FE_17SI,1
SAG2:260_FE_18SI,1
SAG2:260_FE_19SI,1
SAG2:260_FE_20SI,1
SAG2:260_FE_21SI,1
SAG2:260_FE_22SI,1
SAG2:260_FFIC_1842,0
SAG2:260_FFIC_1842.OP,0
SAG2:260_FFIC_1842.SP,0
SAG2:260_FFIC_1876,41
SAG2:260_FFIC_1876_HI,0
SAG2:260_FFIC_1876_LO,0
SAG2:260_FFIC_1876_SP,0
SAG2:260_FFIC_1890,4
SAG2:260_FFIC_1890_HI,0
SAG2:260_FFIC_1890_LO,0
SAG2:260_FFIC_1890_SP,0
SAG2:260_FIC_1848,0
SAG2:260_FIC_1864,0
SAG2:260_FIC_1872,0
SAG2:260_FIC_1872_HI,0
SAG2:260_FIC_1872_LO,0
SAG2:260_FIC_1872_OP,0
SAG2:260_FIC_1872_SP,0
SAG2:260_FIC_1892,0
SAG2:260_FIC_1892_HI,0
SAG2:260_FIC_1892_LO,0
SAG2:260_FIC_1892_OP,0
SAG2:260_FIC_1892_SP,0
SAG2:260_FI_1864,0
SAG2:260_FI_1872,0
SAG2:260_FI_1876,1
SAG2:260_FI_1884,0
SAG2:260_FI_1890,5
SAG2:260_FI_1892,0
SAG2:260_FI_1898,0
SAG2:260_FI_BOC502,0
SAG2:260_FI_BOC503,0
SAG2:260_FI_BOC506,0
SAG2:260_FI_BOC507,4
SAG2:260_FI_BOC508,0
SAG2:260_FI_BOC509,0
SAG2:260_FI_CSAG2,3352
SAG2:260_HC_CIDRA_A.PV,0
SAG2:260_HC_CIDRA_B.PV,0
SAG2:260_HC_CIDRA_C.PV,0
SAG2:260_HC_CIDRA_D.PV,0
SAG2:260_HC_CIDRA_E.PV,0
SAG2:260_HC_CIDRA_F.PV,0
SAG2:260_HC_CIDRA_G.PV,0
SAG2:260_HC_CIDRA_H.PV,0
SAG2:260_HC_CIDRA_I.PV,0
SAG2:260_HC_CIDRA_J.PV,0
SAG2:260_HC_CIDRA_K.PV,0
SAG2:260_HC_CIDRA_L.PV,0
SAG2:260_HC_CIDRA_M.PV,0
SAG2:260_HC_CIDRA_Prom,68
SAG2:260_LIC_1850,0
SAG2:260_LIC_1874,0
SAG2:260_LIC_1874_LO,0
SAG2:260_LIC_1876_HI,0
SAG2:260_LIC_1894,0
SAG2:260_LIC_1894_HI,0
SAG2:260_LIC_1894_LO,0
SAG2:260_LI_1850,0
SAG2:260_LI_1874,0
SAG2:260_LI_1874_HI,0
SAG2:260_LI_1874_LO,0
SAG2:260_LI_1894,0
SAG2:260_LI_1894_HI,0
SAG2:260_LI_1894_LO,0
SAG2:260_LI_1938,0
SAG2:260_LI_1990,0
SAG2:260_LI_1992,0
SAG2:260_LI_PILA,0
SAG2:260_ML_04ITDVAV,1
SAG2:260_ml_04ji,3
SAG2:260_ML_04SI,0
SAG2:260_ML_05JI,3
SAG2:260_ML_05JI_HI,0
SAG2:260_ML_05JI_LO,0
SAG2:260_ML_05PSIX,3352
SAG2:260_ML_05PSIX_HI,0
SAG2:260_ML_05PSIX_LO,0
SAG2:260_ML_05VEL,1
SAG2:260_ML_06JI,12
SAG2:260_ML_06JI_HI,0
SAG2:260_ML_06JI_LO,0
SAG2:260_ML_06PSIX,3352
SAG2:260_ML_06PSIX_HI,0
SAG2:260_ML_06PSIX_LO,0
SAG2:260_ML_06VEL,1
SAG2:260_PI_1871,0
SAG2:260_PI_1871_HI,0
SAG2:260_PI_1871_LO,0
SAG2:260_PI_1873,0
SAG2:260_PI_1873_HI,0
SAG2:260_PI_1873_LO,0
SAG2:260_PI_1_2,0
sag2:260_wit_1835,0
sag2:260_wit_1835_aux,0
SAG2:260_WI_BOC502,0
SAG2:260_WI_BOC503,0
SAG2:260_WI_BOC506,0
SAG2:260_WI_BOC507,0
SAG2:260_WI_BOC508,0
SAG2:260_WI_BOC509,0
SAG2:270_WIT_2707A,0
SAG2:270_WIT_2711A,5
SAG2:270_WIT_2754A,0
SAG2:270_WIT_2757A,0
sag2:320_ai_3294,1
SAG2:320_COUR_S10CU,3352
SAG2:320_COUR_S10SO,3352
SAG2:320_COUR_S11CU,3352
SAG2:320_COUR_S11SO,3352
SAG2:320_COUR_S13CU,3352
SAG2:320_COUR_S13SO,3352
SAG2:320_COUR_S14CU,3352
SAG2:320_COUR_S14SO,3352
SAG2:320_COUR_S15CU,3352
SAG2:320_COUR_S15SO,3352
SAG2:320_COUR_S16CU,3352
SAG2:320_COUR_S16SO,3352
SAG2:320_COUR_S1CU,3352
SAG2:320_COUR_S1SO,3352
SAG2:320_COUR_S2CU,3352
SAG2:320_COUR_S2SO,3352
SAG2:320_COUR_S3CU,3352
SAG2:320_COUR_S3SO,3352
SAG2:320_COUR_S4CU,3352
SAG2:320_COUR_S4SO,3352
SAG2:320_COUR_S5CU,3352
SAG2:320_COUR_S5SO,3352
SAG2:320_COUR_S7CU,3352
SAG2:320_COUR_S7SO,3352
SAG2:320_COUR_S8CU,3352
SAG2:320_COUR_S8SO,3352
SAG2:320_COUR_S9CU,3352
SAG2:320_COUR_S9SO,3352
SAG2:320_DI_32761,0
SAG2:320_DI_32762,0
SAG2:320_DI_32763,0
SAG2:320_DI_32764,0
SAG2:320_DI_32821,0
SAG2:320_DI_32822,0
SAG2:320_DI_32823,0
SAG2:320_DI_32824,3352
SAG2:320_DI_3357,964
SAG2:320_DI_3370,3352
SAG2:320_DI_3386,0
SAG2:320_DV_3202,0
SAG2:320_FI_3200,3352
SAG2:320_FI_3202,0
SAG2:320_FI_3249,3352
SAG2:320_FI_3268A,0
SAG2:320_FI_3268B,0
SAG2:320_FI_32741,1
SAG2:320_FI_32742,0
SAG2:320_FI_32743,0
SAG2:320_FI_32744,0
SAG2:320_FI_32881,0
SAG2:320_FI_32882,0
SAG2:320_FI_32883,0
SAG2:320_FI_32884,0
SAG2:320_FI_3357,0
SAG2:320_FI_3358,1
SAG2:320_FI_3372,1
SAG2:320_FI_3387,0
SAG2:320_FV_3200,3352
SAG2:320_FV_3249,3352
SAG2:320_HS_3268A,0
SAG2:320_HS_3268A_OP,0
SAG2:320_HS_3268B,0
SAG2:320_HS_3268B_OP,0
SAG2:320_LIC_32801,3352
SAG2:320_LIC_32801_OP,3352
SAG2:320_LIC_32801_SP,3352
SAG2:320_LIC_32802,3352
SAG2:320_LIC_32802_OP,3352
SAG2:320_LIC_32802_SP,3352
SAG2:320_LIC_32803,3352
SAG2:320_LIC_32803_OP,3352
SAG2:320_LIC_32803_SP,3352
SAG2:320_LIC_32804,3352
SAG2:320_LIC_32804_OP,3352
SAG2:320_LIC_32804_SP,3352
SAG2:320_LIC_3350A,3352
SAG2:320_LIC_3350A.OP,0
SAG2:320_LIC_3350B,3352
SAG2:320_LIC_3350B.OP,0
SAG2:320_LIC_3350C,3352
SAG2:320_LIC_3350C.OP,0
SAG2:320_LIC_3350D,3352
SAG2:320_LIC_3350D.OP,0
SAG2:320_LIC_3350E,3352
SAG2:320_LIC_3350E.OP,0
SAG2:320_LIC_3350F,3352
SAG2:320_LIC_3350F.OP,0
SAG2:320_LIT_3253A,33
SAG2:320_LIT_3253B,3352
SAG2:320_LIT_3253C,3352
SAG2:320_LIT_3277A,0
SAG2:320_LIT_3277B,250
SAG2:320_LI_3261,3352
SAG2:320_LI_3270,0
SAG2:320_LI_3296,2075
SAG2:320_LI_3347,0
SAG2:320_LI_3349,3352
SAG2:320_LI_3349B,0
SAG2:320_LI_3350A,0
SAG2:320_LI_3350B,0
SAG2:320_LI_3350C,0
SAG2:320_LI_3350D,19
SAG2:320_LI_3350E,0
SAG2:320_LI_3350F,3352
SAG2:320_LI_3360,3352
SAG2:320_LI_3374,3352
SAG2:320_LI_3389,3352
SAG2:320_LY_327801,3352
SAG2:320_LY_327802,3352
SAG2:320_LY_327803,3352
SAG2:320_LY_327804,3352
SAG2:360_colaux_39,0
SAG2:360_colaux_39.OP,0
SAG2:360_copri_36,0
SAG2:360_copri_36.OP,0
SAG2:360_espum_44,0
SAG2:360_espum_44.OP,0
SAG2:360_FIT_C1SAG2,0
SAG2:360_FIT_C2SAG2,0
SAG2:360_FIT_DSAG2,0
SAG2:360_FIT_E1SAG2,0
SAG2:360_LI_5105,0
SAG2:360_LI_5122,0
SAG2:360_LI_5142,0
SAG2:360_LI_5148,0
SAG2:CANT_CICL_OPE_MOL-511,0
SAG2:CANT_CICL_OPE_MOL-512,0
SAG2:CONS_ESP_SAG2,3352
SAG2:CV01_N(1),0
SAG2:CV01_N(2),0
SAG2:CV02_N(1),0
SAG2:CV02_N(2),0
SAG2:CV03_N(1),0
SAG2:CV03_N(2),0
sag2:DB_CCE_xfinos,0
sag2:DB_TMH_xfinos,2
SAG2:ESTADO_PROFIT,3352
SAG2:ESTADO_PROFIT511,3352
SAG2:ESTADO_PROFIT512,3352
SAG2:Gllen_Jbi.ca,0
SAG2:GRUESO_S2,3352
SAG2:G_LLEN_511,83
SAG2:G_LLEN_512,13
sag2:modo_profit,3352
SAG2:MV01_N(1),0
SAG2:MV01_N(2),0
SAG2:MV02_N(1),0
SAG2:MV02_N(2),0
sag2:ren_molsag2,288
SAG2:SPLIT_CV316_FINO,0
SAG2:SPLIT_CV316_GRUESO,0
SAG2:SPLIT_CV316_INT,0
SAG2:SPLIT_CV516_FINO,0
SAG2:SPLIT_CV516_GRUESO,0
SAG2:SPLIT_CV516_INT,0
SAG2:SPLIT_CV523_FINO,0
SAG2:SPLIT_CV523_GRUESO,0
SAG2:SPLIT_CV523_INT,0
SAG2:SPLIT_CV526_FINO,0
SAG2:SPLIT_CV526_GRUESO,0
SAG2:SPLIT_CV526_INT,0
SAG2:SPLIT_CV527_FINO,0
SAG2:SPLIT_CV527_GRUESO,0
SAG2:SPLIT_CV527_INT,0
SAG2:SPLIT_CV528_FINO,3352
SAG2:SPLIT_CV528_GRUESO,0
SAG2:SPLIT_CV528_INT,0
SAG2:SPLIT_CV532_FINO,0
SAG2:SPLIT_CV532_GRUESO,0
SAG2:SPLIT_CV532_INT,0
SAG2:SPLIT_CV538_FINO,0
SAG2:SPLIT_CV538_GRUESO,0
SAG2:SPLIT_CV538_INT,0
SAG2:ST_PROFIT511,3352
SAG2:ST_PROFIT512,3352
SAG2:TMS_MINERAL_FRESCO_TRATADO,0
SAG2:TON_SAG_TOT_TMH,0
SAG2:%Sol_SAG2_a_Flotacion,6
SAG:250_AIT_PSI_401,3352
SAG:250_AIT_PSI_411,0
SAG:250_AIT_PSI_412,0
SAG:250_DIT_PSI_401,0
SAG:250_DIT_PSI_411,0
SAG:250_DIT_PSI_412,0
SAG:250_FI401,0
SAG:250_FI402,0
SAG:250_FI403,0
SAG:250_FI404,0
SAG:250_FI405,0
SAG:250_FI406,0
SAG:250_FIT_2713,3352
SAG:250_FIT_2729,3352
SAG:250_FIT_M401A,0
SAG:250_FIT_M401B,0
SAG:250_FIT_M401C,0
SAG:250_FIT_M401D,0
SAG:250_FI_RAZSAG1,150
SAG:250_FI_TOT_AGUA_SAG1,0
SAG:250_PROFIT_411_CV0_High,0
SAG:250_PROFIT_411_CV0_Low,0
SAG:250_PROFIT_411_CV1_High,0
SAG:250_PROFIT_411_CV1_Low,0
SAG:250_PROFIT_411_CV2_High,0
SAG:250_PROFIT_411_CV2_Low,0
SAG:250_PROFIT_411_CV3_High,0
SAG:250_PROFIT_411_CV3_Low,0
SAG:250_PROFIT_411_CV4_High,0
SAG:250_PROFIT_411_CV4_Low,0
SAG:250_PROFIT_411_MV0_High,0
SAG:250_PROFIT_411_MV0_Low,0
SAG:250_PROFIT_411_MV1_High,0
SAG:250_PROFIT_411_MV1_Low,0
SAG:250_PROFIT_411_MV2_High,0
SAG:250_PROFIT_411_MV2_Low,0
SAG:250_PROFIT_412_CV0_High,0
SAG:250_PROFIT_412_CV0_Low,0
SAG:250_PROFIT_412_CV1_High,0
SAG:250_PROFIT_412_CV1_Low,0
SAG:250_PROFIT_412_CV2_High,0
SAG:250_PROFIT_412_CV2_Low,0
SAG:250_PROFIT_412_CV3_High,0
SAG:250_PROFIT_412_CV3_Low,0
SAG:250_PROFIT_412_CV4_High,0
SAG:250_PROFIT_412_CV4_Low,0
SAG:250_PROFIT_412_MV0_High,0
SAG:250_PROFIT_412_MV0_Low,0
SAG:250_PROFIT_412_MV1_High,0
SAG:250_PROFIT_412_MV1_Low,0
SAG:250_PROFIT_412_MV2_High,0
SAG:250_PROFIT_412_MV2_Low,0
SAG:250_PROFIT_SAG1.CV0_High,0
SAG:250_PROFIT_SAG1.CV0_Low,0
SAG:250_PROFIT_SAG1.CV1_High,0
SAG:250_PROFIT_SAG1.CV1_Low,0
SAG:250_PROFIT_SAG1.CV2_High,0
SAG:250_PROFIT_SAG1.CV2_Low,0
SAG:250_PROFIT_SAG1.MV0_High,0
SAG:250_PROFIT_SAG1.MV0_Low,0
SAG:250_PROFIT_SAG1.MV1_High,0
SAG:250_PROFIT_SAG1.MV1_Low,0
SAG:250_PROFIT_SAG1.MV2_High,0
SAG:250_PROFIT_SAG1.MV2_Low,0
SAG:260_FI_RAZSAG2,56
SAG:260_FI_RAZTOTAL,40
SAG:260_FI_TOT_AGUA_SAG,40
SAG:260_FI_TOT_AGUA_SAG2,40
SAG:360_FIT_C1SAG1,1
SAG:360_FIT_C2SAG1,1
SAG:360_FIT_DSAG1,1
SAG:360_FIT_E1SAG1,1
SAG:aicfull2,0
SAG:AIFPESAG,3352
SAG:AIGPESAG,3352
SAG:AIMPESAG,3352
SAG:AITFULL1,3352
SAG:AITFULL2,3352
SAG:AITF_2_1,0
SAG:AITF_2_2,3352
SAG:ALIM_AGUAS_MOL_401,0
SAG:ALIM_AGUAS_MOL_411,0
SAG:ALIM_AGUAS_MOL_412,0
SAG:ALIM_AGUAS_MOL_501,0
SAG:ALIM_AGUAS_MOL_511,0
SAG:ALIM_AGUAS_MOL_512,0
SAG:CANT_CICL_OPE_MOL-411,0
SAG:CANT_CICL_OPE_MOL-412,0
sag:CCE_x1,3352
sag:CCE_x2,3352
SAG:CE.PTA_SAG.D,36
SAG:CE.PTA_SAG_TOT.SR,0
SAG:CE_ENERG,109
sag:consumo_energia_sag,0
sag:consumo_energia_sagx,0
SAG:CONS_ESP_AGUA_SAG,0
SAG:CONS_ESP_SAG,3352
SAG:CONS_ESP_SAG1,12
SAG:CONS_ESP_TO_SAG1,3352
sag:DB_CCE_xfinos,0
sag:DB_TMH_xfinos,0
SAG:DI2189B,0
SAG:DIC2150Z,0
SAG:DIC2152,0
SAG:DIC2619,3352
SAG:DIC_S1,3352
SAG:DIT2152,0
SAG:DIT2189A,0
SAG:DIT2189B,0
SAG:DIT2619,3352
SAG:DI_SAG,3352
SAG:EFIMSAGX,0
SAG:ESTADO_PROFIT,3352
SAG:ESTADO_PROFIT411,3352
SAG:ESTADO_PROFIT412,3352
SAG:FAS2150,0
SAG:FAS2181A,0
SAG:FAS2181B,0
SAG:FAST2150,0
SAG:FASX2150,3352
SAG:FI2153,2
SAG:FI2156,3352
SAG:FI2190A,101
SAG:FI2190B,143
SAG:FI2618,0
SAG:FI2766,3352
SAG:FIAGFRES,0
SAG:FIC2150,3352
SAG:FIC2150Z,14
SAG:FIC2153,3352
SAG:FIC2153A,2
SAG:FIC2155,0
SAG:FIC2157,3352
SAG:FIC2181A,6
SAG:FIC2181B,13
SAG:FIC2188A,0
SAG:FIC2188B,0
SAG:FIC2190B,144
SAG:FIC2191A,107
SAG:FIC2192B,106
SAG:FIC2601,3352
SAG:FIC2609A,0
SAG:FIT2150,14
SAG:FIT2155,134
sag:fit2157,3352
SAG:FIT2181A,0
SAG:FIT2188A,0
SAG:FIT2210B,0
SAG:FIT2601,3352
SAG:FIT2609A,0
SAG:FI_SAG,3352
SAG:FY2150,0
SAG:GRUESO_S1,3352
SAG:HC2158A,3352
SAG:HC2158B,3352
SAG:HC2161A,3352
SAG:HC2161B,3352
SAG:HC2166,3352
SAG:HC2196A,3352
SAG:HC2196B,3352
SAG:HC2196C1,3352
SAG:HC2196D1,3352
SAG:HC2198A,3352
SAG:HC2198B,3352
SAG:HC2198C1,3352
SAG:HC2198D1,3352
SAG:HC2202A,3352
SAG:HC2202B,3352
SAG:HC2206A,3352
SAG:HC2206B,3352
SAG:HC2206C,3352
SAG:HIC2192A,1
SAG:HIC2192B,1
SAG:HY2150A,3352
SAG:JI2182A,0
SAG:JI2182B,0
SAG:LIC2162,1
SAG:LIC2192A,0
SAG:LIC2192B,5
SAG:LIT2713,0
SAG:LZ2192A,3352
SAG:LZ2192B,0
SAG:MODO_PROFIT_411_STRING,0
SAG:MODO_PROFIT_412_STRING,0
SAG:MODO_PROFIT_STRING,3352
SAG:PEBBLES_S1,1
SAG:PI2208A,1
SAG:PI2208B,25
SAG:PI2208C,107
SAG:PSI200,3352
sag:ren_molsag1,65
SAG:RH:E38.NIVEL,45
SAG:RH:E38.NIVEL_PORC,45
SAG:RH:E39_40.NIVEL,45
SAG:RH:E39_40.NIVEL_PORC,45
SAG:SPLIT_CV315F10,0
SAG:SPLIT_CV315F20,0
SAG:SPLIT_CV315F30,0
SAG:SPLIT_CV315F40,0
SAG:SPLIT_CV315F50,0
SAG:SPLIT_CV315F60,0
SAG:SPLIT_CV315F70,0
SAG:SPLIT_CV315F80,0
SAG:SPLIT_CV315F90,0
SAG:SPLIT_CV315TS,0
SAG:SPLIT_CV315_0525,0
SAG:SPLIT_CV315_0742,0
SAG:SPLIT_CV315_1,0
SAG:SPLIT_CV315_10,0
SAG:SPLIT_CV315_11,0
SAG:SPLIT_CV315_12,0
SAG:SPLIT_CV315_15,0
SAG:SPLIT_CV315_1_5,0
SAG:SPLIT_CV315_2_0,0
SAG:SPLIT_CV315_371,0
SAG:SPLIT_CV315_3_0,0
SAG:SPLIT_CV315_4_0,0
SAG:SPLIT_CV315_5_0,0
SAG:SPLIT_CV315_6_0,0
SAG:SPLIT_CV315_7_0,0
SAG:SPLIT_CV315_8_0,0
SAG:SPLIT_CV315_9_0,0
SAG:SPLIT_CV315_FINO,0
SAG:SPLIT_CV315_GRUESO,0
SAG:SPLIT_CV315_INT,0
SAG:SPLIT_CV461F10,0
SAG:SPLIT_CV461F20,0
SAG:SPLIT_CV461F30,0
SAG:SPLIT_CV461F40,0
SAG:SPLIT_CV461F50,0
SAG:SPLIT_CV461F60,0
SAG:SPLIT_CV461F70,0
SAG:SPLIT_CV461F80,0
SAG:SPLIT_CV461F90,0
SAG:SPLIT_CV461_0525,0
SAG:SPLIT_CV461_0742,0
SAG:SPLIT_CV461_1,0
SAG:SPLIT_CV461_10,0
SAG:SPLIT_CV461_11,0
SAG:SPLIT_CV461_12,0
SAG:SPLIT_CV461_15,0
SAG:SPLIT_CV461_1_5,0
SAG:SPLIT_CV461_2_0,0
SAG:SPLIT_CV461_371,0
SAG:SPLIT_CV461_3_0,0
SAG:SPLIT_CV461_4_0,0
SAG:SPLIT_CV461_5_0,0
SAG:SPLIT_CV461_6_0,0
SAG:SPLIT_CV461_7_0,0
SAG:SPLIT_CV461_8_0,0
SAG:SPLIT_CV461_9_0,0
SAG:SPLIT_CV461_FINO,0
SAG:SPLIT_CV461_GRUESO,0
SAG:SPLIT_CV461_INT,0
SAG:SPLIT_CV463F10,0
SAG:SPLIT_CV463F20,0
SAG:SPLIT_CV463F30,0
SAG:SPLIT_CV463F40,0
SAG:SPLIT_CV463F50,0
SAG:SPLIT_CV463F60,0
SAG:SPLIT_CV463F70,0
SAG:SPLIT_CV463F80,0
SAG:SPLIT_CV463F90,0
SAG:SPLIT_CV463TS,0
SAG:SPLIT_CV463_0187,0
SAG:SPLIT_CV463_0265,0
SAG:SPLIT_CV463_0371,0
SAG:SPLIT_CV463_0525,0
SAG:SPLIT_CV463_0742,0
SAG:SPLIT_CV463_1,0
SAG:SPLIT_CV463_1_5,0
SAG:SPLIT_CV463_2_0,0
SAG:SPLIT_CV463_3_0,0
SAG:SPLIT_CV463_FINO,0
SAG:SPLIT_CV463_GRUESO,0
SAG:SPLIT_CV463_INT,0
sag:split_TG315_finos_x,3352
sag:split_TG315_Grueso_6x,3352
sag:split_TG315_Intermedio_6x,3352
sag:split_TG461_Grueso_6x,3352
sag:split_TG461_grueso_6XPROM,3352
sag:split_TG461_Intermedio_6x,3352
sag:split_TG461_Intermedio_6XPROM,3352
SAG:TMS_MINERAL_FRESCO_TRATADO,0
SAG:TOT-ENERGIA.SR,0
SAG:TOT_FLO_SAG_TMH,0
SAG:WI2102,0
SAG:WIC2101,0
SAG:WIC2101_OP,0
SAG:WIC2101_SP,0
SAG:WIT2101_old,0
SAG:WIT2153,2
SAG:WIT_AL,3352
SAG:WQI2102X,0
SAG:WY2102,0
SAG:XE03,0
SAG:XP01_02,0
SAG:XS04,0
R-AGUA_R2_PH_CA6,0
Fecha.1,0
Fecha,0
ref_date_groupby,0
